resourceId,datArchive,resourceType,unrealAssetPath,referencingLayout,layoutName,referencingElement,notes
"0x06000F5A","client_portal.dat","Image","AC_UI_Icon_06000F5A","0x21000037","ItemSlot","ItemSlot_Equip_LeftRing/ItemSlot_Icon",""
"0x06000F5D","client_portal.dat","Image","AC_UI_Icon_06000F5D","0x21000037","ItemSlot","ItemSlot_Equip_LeftWrist/ItemSlot_Icon",""
"0x06000F5E","client_portal.dat","Image","AC_UI_Icon_06000F5E","0x21000037","ItemSlot","ItemSlot_Equip_AmmoReady/ItemSlot_Icon",""
"0x06000F66","client_portal.dat","Image","AC_UI_Icon_06000F66","0x21000037","ItemSlot","ItemSlot_Equip_WeaponReady/ItemSlot_Icon",""
"0x06000F68","client_portal.dat","Image","AC_UI_Icon_06000F68","0x21000037","ItemSlot","ItemSlot_Equip_Neck/ItemSlot_Icon",""
"0x06000F6A","client_portal.dat","Image","AC_UI_Icon_06000F6A","0x21000037","ItemSlot","ItemSlot_Equip_RightWrist/ItemSlot_Icon",""
"0x06000F6B","client_portal.dat","Image","AC_UI_Icon_06000F6B","0x21000037","ItemSlot","ItemSlot_Equip_RightRing/ItemSlot_Icon",""
"0x06000F6C","client_portal.dat","Image","AC_UI_Icon_06000F6C","0x21000037","ItemSlot","ItemSlot_Equip_ShieldReady/ItemSlot_Icon",""
"0x06000F6E","client_portal.dat","Image","AC_UI_Icon_06000F6E","0x21000037","ItemSlot","ItemSlot_ContainerGeneric/ItemSlot_Icon",""
"0x06000F86","client_portal.dat","Image","AC_UI_Icon_06000F86","0x21000045","","StatManagement_ListHeader_Trained_Template",""
"0x06000F89","client_portal.dat","Image","AC_UI_Icon_06000F89","0x21000045","","StatManagement_ListHeader_Unusable_Template",""
"0x06000F8A","client_portal.dat","Image","AC_UI_Icon_06000F8A","0x21000045","","StatManagement_Template/StatManagement_Footer_Meter/StatManagement_Footer_Meter/2",""
"0x06000F90","client_portal.dat","Image","AC_UI_Icon_06000F90","0x21000045","","StatManagement_ListHeader_Specialized_Template",""
"0x06000F93","client_portal.dat","Image","AC_UI_Icon_06000F93","0x21000045","","StatManagement_ListInfo_Template",""
"0x06000F98","client_portal.dat","Image","AC_UI_Icon_06000F98","0x21000045","","StatManagement_ListHeader_Untrained_Template",""
"0x0600109A","client_portal.dat","Image","AC_UI_Icon_0600109A","0x21000037","ItemSlot","ItemSlot_GenericOverlays/ItemSlot_Icon_Ghosted",""
"0x0600109D","client_portal.dat","Image","AC_UI_Icon_0600109D","0x21000037","ItemSlot","ItemSlot_GenericOverlays/ItemSlot_Icon_ShortcutNum",""
"0x060010F9","client_portal.dat","Image","AC_UI_Icon_060010F9","0x2100001C","classic_examination","RootExamination_Field/ItemExamineUI/ItemIconBackground",""
"0x060010F9","client_portal.dat","Image","AC_UI_Icon_060010F9","0x21000037","ItemSlot","ItemSlot_ShortcutGeneric/ItemSlot_Icon",""
"0x060010FA","client_portal.dat","Image","AC_UI_Icon_060010FA","0x21000037","ItemSlot","ItemSlot_Shortcut_01/ItemSlot_Icon",""
"0x060010FB","client_portal.dat","Image","AC_UI_Icon_060010FB","0x21000037","ItemSlot","ItemSlot_Shortcut_02/ItemSlot_Icon",""
"0x060010FC","client_portal.dat","Image","AC_UI_Icon_060010FC","0x21000037","ItemSlot","ItemSlot_Shortcut_03/ItemSlot_Icon",""
"0x060010FD","client_portal.dat","Image","AC_UI_Icon_060010FD","0x21000037","ItemSlot","ItemSlot_Shortcut_04/ItemSlot_Icon",""
"0x060010FE","client_portal.dat","Image","AC_UI_Icon_060010FE","0x21000037","ItemSlot","ItemSlot_Shortcut_05/ItemSlot_Icon",""
"0x060010FF","client_portal.dat","Image","AC_UI_Icon_060010FF","0x21000037","ItemSlot","ItemSlot_Shortcut_06/ItemSlot_Icon",""
"0x06001100","client_portal.dat","Image","AC_UI_Icon_06001100","0x21000037","ItemSlot","ItemSlot_Shortcut_07/ItemSlot_Icon",""
"0x06001101","client_portal.dat","Image","AC_UI_Icon_06001101","0x21000037","ItemSlot","ItemSlot_Shortcut_08/ItemSlot_Icon",""
"0x06001102","client_portal.dat","Image","AC_UI_Icon_06001102","0x21000037","ItemSlot","ItemSlot_Shortcut_09/ItemSlot_Icon",""
"0x06001103","client_portal.dat","Image","AC_UI_Icon_06001103","0x21000015","classic_indicators","RootIndicators_Field/BurdenIndicator",""
"0x06001106","client_portal.dat","Image","AC_UI_Icon_06001106","0x21000015","classic_indicators","RootIndicators_Field/VitaeIndicator",""
"0x0600110C","client_portal.dat","Image","AC_UI_Icon_0600110C","0x21000015","classic_indicators","RootIndicators_Field/VitaeIndicator",""
"0x0600110C","client_portal.dat","Image","AC_UI_Icon_0600110C","0x21000015","classic_indicators","RootIndicators_Field/VitaeIndicator",""
"0x0600110F","client_portal.dat","Image","AC_UI_Icon_0600110F","0x21000015","classic_indicators","RootIndicators_Field/BurdenIndicator",""
"0x06001111","client_portal.dat","Image","AC_UI_Icon_06001111","0x21000015","classic_indicators","RootIndicators_Field/PositiveEffectsIndicator",""
"0x06001111","client_portal.dat","Image","AC_UI_Icon_06001111","0x21000015","classic_indicators","RootIndicators_Field/PositiveEffectsIndicator",""
"0x06001115","client_portal.dat","Image","AC_UI_Icon_06001115","0x21000006","classic_chat","RootChat_Field/ChatLogField",""
"0x06001116","client_portal.dat","Image","AC_UI_Icon_06001116","0x21000016","classic_toolbar","RootToolbar_Field/PanelButton_WorldButton",""
"0x06001118","client_portal.dat","Image","AC_UI_Icon_06001118","0x21000016","classic_toolbar","RootToolbar_Field/PanelButton_WorldButton",""
"0x06001119","client_portal.dat","Image","AC_UI_Icon_06001119","0x21000016","classic_toolbar","RootToolbar_Field/PanelButton_MagicButton",""
"0x0600111B","client_portal.dat","Image","AC_UI_Icon_0600111B","0x21000016","classic_toolbar","RootToolbar_Field/PanelButton_MagicButton",""
"0x0600111C","client_portal.dat","Image","AC_UI_Icon_0600111C","0x21000016","classic_toolbar","RootToolbar_Field/PanelButton_OptionsButton",""
"0x0600111E","client_portal.dat","Image","AC_UI_Icon_0600111E","0x21000016","classic_toolbar","RootToolbar_Field/PanelButton_OptionsButton",""
"0x0600111F","client_portal.dat","Image","AC_UI_Icon_0600111F","0x21000016","classic_toolbar","RootToolbar_Field/PanelButton_SocialButton",""
"0x06001121","client_portal.dat","Image","AC_UI_Icon_06001121","0x21000016","classic_toolbar","RootToolbar_Field/PanelButton_SocialButton",""
"0x06001122","client_portal.dat","Image","AC_UI_Icon_06001122","0x21000016","classic_toolbar","RootToolbar_Field/PanelButton_SkillManagementButton",""
"0x06001124","client_portal.dat","Image","AC_UI_Icon_06001124","0x21000016","classic_toolbar","RootToolbar_Field/PanelButton_SkillManagementButton",""
"0x06001125","client_portal.dat","Image","AC_UI_Icon_06001125","0x21000006","classic_chat","RootChat_Field/TopBorder",""
"0x06001126","client_portal.dat","Image","AC_UI_Icon_06001126","0x21000016","classic_toolbar","RootToolbar_Field/SelectedObjectField",""
"0x06001127","client_portal.dat","Image","AC_UI_Icon_06001127","0x21000016","classic_toolbar","RootToolbar_Field/PanelButton_ExamineSelectedButton",""
"0x06001128","client_portal.dat","Image","AC_UI_Icon_06001128","0x21000016","classic_toolbar","RootToolbar_Field/PanelButton_ExamineSelectedButton",""
"0x06001129","client_portal.dat","Image","AC_UI_Icon_06001129","0x21000016","classic_toolbar","RootToolbar_Field/PanelButton_UseSelectedButton",""
"0x0600112A","client_portal.dat","Image","AC_UI_Icon_0600112A","0x21000016","classic_toolbar","RootToolbar_Field/PanelButton_UseSelectedButton",""
"0x0600112B","client_portal.dat","Image","AC_UI_Icon_0600112B","0x21000016","classic_toolbar","RootToolbar_Field/PanelButton_LeftSideSpacer",""
"0x0600112C","client_portal.dat","Image","AC_UI_Icon_0600112C","0x21000016","classic_toolbar","RootToolbar_Field/PanelButton_RightSideSpacer",""
"0x06001131","client_portal.dat","Image","AC_UI_Icon_06001131","0x21000014","classic_vitals","RootVitals_Field/HealthMeter/2/left",""
"0x06001132","client_portal.dat","Image","AC_UI_Icon_06001132","0x21000014","classic_vitals","RootVitals_Field/HealthMeter/2/middle",""
"0x06001133","client_portal.dat","Image","AC_UI_Icon_06001133","0x21000014","classic_vitals","RootVitals_Field/HealthMeter/2/right",""
"0x06001134","client_portal.dat","Image","AC_UI_Icon_06001134","0x21000014","classic_vitals","RootVitals_Field/ManaMeter/2/left",""
"0x06001135","client_portal.dat","Image","AC_UI_Icon_06001135","0x21000014","classic_vitals","RootVitals_Field/ManaMeter/2/middle",""
"0x06001136","client_portal.dat","Image","AC_UI_Icon_06001136","0x21000014","classic_vitals","RootVitals_Field/ManaMeter/2/right",""
"0x06001137","client_portal.dat","Image","AC_UI_Icon_06001137","0x21000014","classic_vitals","RootVitals_Field/StaminaMeter/2/left",""
"0x06001138","client_portal.dat","Image","AC_UI_Icon_06001138","0x21000014","classic_vitals","RootVitals_Field/StaminaMeter/2/middle",""
"0x06001139","client_portal.dat","Image","AC_UI_Icon_06001139","0x21000014","classic_vitals","RootVitals_Field/StaminaMeter/2/right",""
"0x0600113A","client_portal.dat","Image","AC_UI_Icon_0600113A","0x21000006","classic_chat","RootChat_Field/ChatEntryField",""
"0x0600113A","client_portal.dat","Image","AC_UI_Icon_0600113A","0x2100006F","classic_floatymainchat","RootFloatyMainChat_Field/ChatEntryField",""
"0x0600113F","client_portal.dat","Image","AC_UI_Icon_0600113F","0x21000014","classic_vitals","RootVitals_Field/HealthMeter/meter_background/right",""
"0x06001140","client_portal.dat","Image","AC_UI_Icon_06001140","0x21000014","classic_vitals","RootVitals_Field/HealthMeter/meter_background/middle",""
"0x06001141","client_portal.dat","Image","AC_UI_Icon_06001141","0x21000014","classic_vitals","RootVitals_Field/HealthMeter/meter_background/left",""
"0x06001142","client_portal.dat","Image","AC_UI_Icon_06001142","0x21000014","classic_vitals","RootVitals_Field/ManaMeter/meter_background/right",""
"0x06001143","client_portal.dat","Image","AC_UI_Icon_06001143","0x21000014","classic_vitals","RootVitals_Field/ManaMeter/meter_background/middle",""
"0x06001144","client_portal.dat","Image","AC_UI_Icon_06001144","0x21000014","classic_vitals","RootVitals_Field/ManaMeter/meter_background/left",""
"0x06001145","client_portal.dat","Image","AC_UI_Icon_06001145","0x21000014","classic_vitals","RootVitals_Field/StaminaMeter/meter_background/right",""
"0x06001146","client_portal.dat","Image","AC_UI_Icon_06001146","0x21000014","classic_vitals","RootVitals_Field/StaminaMeter/meter_background/middle",""
"0x06001147","client_portal.dat","Image","AC_UI_Icon_06001147","0x21000014","classic_vitals","RootVitals_Field/StaminaMeter/meter_background/left",""
"0x06001148","client_portal.dat","Image","AC_UI_Icon_06001148","0x21000015","classic_indicators","RootIndicators_Field/HelpButton",""
"0x0600114A","client_portal.dat","Image","AC_UI_Icon_0600114A","0x21000015","classic_indicators","RootIndicators_Field/HelpButton",""
"0x0600114C","client_portal.dat","Image","AC_UI_Icon_0600114C","0x21000017","classic_panel","RootPanel_Field/Panel_SideBar",""
"0x0600114D","client_portal.dat","Image","AC_UI_Icon_0600114D","0x21000006","classic_chat","RootChat_Field",""
"0x0600114D","client_portal.dat","Image","AC_UI_Icon_0600114D","0x21000017","classic_panel","RootPanel_Field/Panel_Background",""
"0x060011A5","client_portal.dat","Image","AC_UI_Icon_060011A5","0x21000045","","StatManagement_Template/StatManagement_Header/StatManagement_Header_XPToLevelMeter/2",""
"0x060011A6","client_portal.dat","Image","AC_UI_Icon_060011A6","0x21000045","","StatManagement_Template/StatManagement_Footer_Meter/StatManagement_Footer_Meter",""
"0x060011A6","client_portal.dat","Image","AC_UI_Icon_060011A6","0x21000045","","StatManagement_Template/StatManagement_Header/StatManagement_Header_XPToLevelMeter",""
"0x060011AB","client_portal.dat","Image","AC_UI_Icon_060011AB","0x21000006","classic_chat","RootChat_Field/ChatEntryField/ChatPanelTextEntry",""
"0x060011AB","client_portal.dat","Image","AC_UI_Icon_060011AB","0x2100006F","classic_floatymainchat","RootFloatyMainChat_Field/ChatEntryField/ChatPanelTextEntry",""
"0x060011B9","client_portal.dat","Image","AC_UI_Icon_060011B9","0x21000008","classic_externalcontainer","RootExternalContainer_Field/ItemsArea/TopEdge",""
"0x060011B9","client_portal.dat","Image","AC_UI_Icon_060011B9","0x21000008","classic_externalcontainer","RootExternalContainer_Field/ItemsArea/BottomEdge",""
"0x060011BA","client_portal.dat","Image","AC_UI_Icon_060011BA","0x21000008","classic_externalcontainer","RootExternalContainer_Field/ItemsArea/LeftEdge",""
"0x060011BA","client_portal.dat","Image","AC_UI_Icon_060011BA","0x21000008","classic_externalcontainer","RootExternalContainer_Field/ItemsArea/RightEdge",""
"0x060011BC","client_portal.dat","Image","AC_UI_Icon_060011BC","0x21000008","classic_externalcontainer","RootExternalContainer_Field/CloseExtContainerPanelButton",""
"0x060011BD","client_portal.dat","Image","AC_UI_Icon_060011BD","0x21000008","classic_externalcontainer","RootExternalContainer_Field/CloseExtContainerPanelButton",""
"0x060011F7","client_portal.dat","Image","AC_UI_Icon_060011F7","0x21000037","ItemSlot","ItemSlot_GenericContainerDragOver",""
"0x060011F8","client_portal.dat","Image","AC_UI_Icon_060011F8","0x21000037","ItemSlot","ItemSlot_GenericDragOver",""
"0x060011F8","client_portal.dat","Image","AC_UI_Icon_060011F8","0x21000037","ItemSlot","ItemSlot_GenericContainerDragOver",""
"0x060011F8","client_portal.dat","Image","AC_UI_Icon_060011F8","0x21000037","ItemSlot","ItemSlot_GenericShortcutDragOver",""
"0x060011F9","client_portal.dat","Image","AC_UI_Icon_060011F9","0x21000037","ItemSlot","ItemSlot_GenericDragOver",""
"0x060011F9","client_portal.dat","Image","AC_UI_Icon_060011F9","0x21000037","ItemSlot","ItemSlot_GenericContainerDragOver",""
"0x060011FA","client_portal.dat","Image","AC_UI_Icon_060011FA","0x21000037","ItemSlot","ItemSlot_GenericShortcutDragOver",""
"0x060011FB","client_portal.dat","Image","AC_UI_Icon_060011FB","0x21000017","classic_panel","RootPanel_Field/Radar/RadarNorth",""
"0x060011FB","client_portal.dat","Image","AC_UI_Icon_060011FB","0x21000074","classic_floatyradar","RootFloatyRadar_Field/RadarNorth",""
"0x06001200","client_portal.dat","Image","AC_UI_Icon_06001200","0x21000007","classic_combat","RootCombat_Field/PowerSlider/PowerMeter/2",""
"0x06001200","client_portal.dat","Image","AC_UI_Icon_06001200","0x2100000A","classic_powerbar","RootPowerbar_Field/Powerbar/2",""
"0x06001200","client_portal.dat","Image","AC_UI_Icon_06001200","0x2100000A","classic_powerbar","RootPowerbar_Field/Powerbar/2",""
"0x06001200","client_portal.dat","Image","AC_UI_Icon_06001200","0x21000072","classic_floatypowerbar","RootFloatyPowerBar_Field/Powerbar/2",""
"0x06001200","client_portal.dat","Image","AC_UI_Icon_06001200","0x21000072","classic_floatypowerbar","RootFloatyPowerBar_Field/Powerbar/2",""
"0x0600120E","client_portal.dat","Image","AC_UI_Icon_0600120E","0x21000016","classic_toolbar","RootToolbar_Field/PanelButton_UseSelectedButton",""
"0x0600121C","client_portal.dat","Image","AC_UI_Icon_0600121C","0x21000022","classic_backpack","RootBackpack_Field/Inv_BurdenBar/2",""
"0x0600121D","client_portal.dat","Image","AC_UI_Icon_0600121D","0x21000022","classic_backpack","RootBackpack_Field/Inv_BurdenBar",""
"0x0600124C","client_portal.dat","Image","AC_UI_Icon_0600124C","0x21000006","classic_chat","ChatTargetMenuPopup",""
"0x0600124D","client_portal.dat","Image","AC_UI_Icon_0600124D","0x21000006","classic_chat","ChatTargetEntryTemplate",""
"0x0600124E","client_portal.dat","Image","AC_UI_Icon_0600124E","0x21000006","classic_chat","ChatTargetEntryTemplate",""
"0x0600124E","client_portal.dat","Image","AC_UI_Icon_0600124E","0x21000006","classic_chat","ChatTargetEntryTemplate",""
"0x06001265","client_portal.dat","Image","AC_UI_Icon_06001265","0x21000019","classic_book","RootBook_Field/BookAbs_Bottom",""
"0x06001266","client_portal.dat","Image","AC_UI_Icon_06001266","0x21000040","","Button_BookNextPage",""
"0x06001267","client_portal.dat","Image","AC_UI_Icon_06001267","0x21000040","","Button_BookNextPage",""
"0x06001268","client_portal.dat","Image","AC_UI_Icon_06001268","0x21000040","","Button_BookNextPage",""
"0x06001269","client_portal.dat","Image","AC_UI_Icon_06001269","0x21000040","","Button_BookPreviousPage",""
"0x0600126A","client_portal.dat","Image","AC_UI_Icon_0600126A","0x21000040","","Button_BookPreviousPage",""
"0x0600126B","client_portal.dat","Image","AC_UI_Icon_0600126B","0x21000040","","Button_BookPreviousPage",""
"0x0600126C","client_portal.dat","Image","AC_UI_Icon_0600126C","0x21000019","classic_book","RootBook_Field/CloseBookPanelButton",""
"0x0600126D","client_portal.dat","Image","AC_UI_Icon_0600126D","0x21000019","classic_book","RootBook_Field/CloseBookPanelButton",""
"0x0600126E","client_portal.dat","Image","AC_UI_Icon_0600126E","0x21000019","classic_book","RootBook_Field/BookFiller_Left",""
"0x0600126F","client_portal.dat","Image","AC_UI_Icon_0600126F","0x21000019","classic_book","RootBook_Field/BookPage_Background",""
"0x0600126F","client_portal.dat","Image","AC_UI_Icon_0600126F","0x21000019","classic_book","PaperBackgroundTemplate/BookPage_Background",""
"0x0600126F","client_portal.dat","Image","AC_UI_Icon_0600126F","0x2100001C","classic_examination","RootExamination_Field/ItemExamineUI/ItemExamBackground_Paper",""
"0x0600126F","client_portal.dat","Image","AC_UI_Icon_0600126F","0x21000066","classic_journal","RootJournal_Field/BookPage_Background",""
"0x0600126F","client_portal.dat","Image","AC_UI_Icon_0600126F","0x21000066","classic_journal","PaperBackgroundTemplate/BookPage_Background",""
"0x0600126F","client_portal.dat","Image","AC_UI_Icon_0600126F","0x2100006B","classic_floatyexamination","RootFloatyExamination_Field/ItemExamineUI/ItemExamBackground_Paper",""
"0x06001270","client_portal.dat","Image","AC_UI_Icon_06001270","0x21000019","classic_book","PaperBackgroundTemplate/BookPaper_Bottom",""
"0x06001270","client_portal.dat","Image","AC_UI_Icon_06001270","0x21000066","classic_journal","PaperBackgroundTemplate/BookPaper_Bottom",""
"0x06001271","client_portal.dat","Image","AC_UI_Icon_06001271","0x21000019","classic_book","PaperBackgroundTemplate/BookPaper_Left",""
"0x06001271","client_portal.dat","Image","AC_UI_Icon_06001271","0x21000066","classic_journal","PaperBackgroundTemplate/BookPaper_Left",""
"0x06001272","client_portal.dat","Image","AC_UI_Icon_06001272","0x21000019","classic_book","PaperBackgroundTemplate/BookPaper_Right",""
"0x06001272","client_portal.dat","Image","AC_UI_Icon_06001272","0x21000066","classic_journal","PaperBackgroundTemplate/BookPaper_Right",""
"0x06001273","client_portal.dat","Image","AC_UI_Icon_06001273","0x21000019","classic_book","PaperBackgroundTemplate/BookPaper_Top",""
"0x06001273","client_portal.dat","Image","AC_UI_Icon_06001273","0x21000066","classic_journal","PaperBackgroundTemplate/BookPaper_Top",""
"0x06001274","client_portal.dat","Image","AC_UI_Icon_06001274","0x21000043","","Menu_Book/Menu_Book_SelectionWidget",""
"0x06001274","client_portal.dat","Image","AC_UI_Icon_06001274","0x21000043","","Menu_Book/Menu_Book_SelectionWidget",""
"0x06001275","client_portal.dat","Image","AC_UI_Icon_06001275","0x21000043","","Menu_Book/Menu_Book_SelectionWidget",""
"0x06001275","client_portal.dat","Image","AC_UI_Icon_06001275","0x21000043","","Menu_Book/Menu_Book_SelectionWidget",""
"0x06001276","client_portal.dat","Image","AC_UI_Icon_06001276","0x21000043","","Menu_Book/Menu_Book_SelectionDisplay",""
"0x06001276","client_portal.dat","Image","AC_UI_Icon_06001276","0x21000043","","Menu_Book_PopupItem",""
"0x06001276","client_portal.dat","Image","AC_UI_Icon_06001276","0x21000043","","Menu_Book_PopupItem",""
"0x06001279","client_portal.dat","Image","AC_UI_Icon_06001279","0x21000019","classic_book","RootBook_Field/TitleBackground",""
"0x0600127A","client_portal.dat","Image","AC_UI_Icon_0600127A","0x21000043","","Menu_Book_PopupItem",""
"0x0600127D","client_portal.dat","Image","AC_UI_Icon_0600127D","0x21000026","classic_map","RootMap_Field/Background/MapArea/Map",""
"0x06001282","client_portal.dat","Image","AC_UI_Icon_06001282","0x21000018","classic_abuse","RootAbuse_Field/ClosePanelButton",""
"0x06001282","client_portal.dat","Image","AC_UI_Icon_06001282","0x2100001C","classic_examination","RootExamination_Field/ClosePanelButton",""
"0x06001282","client_portal.dat","Image","AC_UI_Icon_06001282","0x2100001F","classic_urgentassistance","RootUrgentAssistance_Field/ClosePanelButton",""
"0x06001282","client_portal.dat","Image","AC_UI_Icon_06001282","0x2100002B","classic_options","RootOptions_Field/CloseOptionsPanelButton",""
"0x06001283","client_portal.dat","Image","AC_UI_Icon_06001283","0x21000018","classic_abuse","RootAbuse_Field/ClosePanelButton",""
"0x06001283","client_portal.dat","Image","AC_UI_Icon_06001283","0x2100001C","classic_examination","RootExamination_Field/ClosePanelButton",""
"0x06001283","client_portal.dat","Image","AC_UI_Icon_06001283","0x2100001F","classic_urgentassistance","RootUrgentAssistance_Field/ClosePanelButton",""
"0x06001283","client_portal.dat","Image","AC_UI_Icon_06001283","0x2100002B","classic_options","RootOptions_Field/CloseOptionsPanelButton",""
"0x06001285","client_portal.dat","Image","AC_UI_Icon_06001285","0x2100003E","","OptionSliderTemplate",""
"0x06001286","client_portal.dat","Image","AC_UI_Icon_06001286","0x2100003E","","OptionSliderTemplate/1",""
"0x0600128A","client_portal.dat","Image","AC_UI_Icon_0600128A","0x21000018","classic_abuse","RootAbuse_Field/Abuse_PageTwo",""
"0x0600128A","client_portal.dat","Image","AC_UI_Icon_0600128A","0x21000018","classic_abuse","RootAbuse_Field/Abuse_PageThree",""
"0x0600128A","client_portal.dat","Image","AC_UI_Icon_0600128A","0x21000018","classic_abuse","RootAbuse_Field/Abuse_PageOne",""
"0x0600128A","client_portal.dat","Image","AC_UI_Icon_0600128A","0x2100001C","classic_examination","RootExamination_Field/SpellExamineUI/SpellExamBackground",""
"0x0600128A","client_portal.dat","Image","AC_UI_Icon_0600128A","0x2100001C","classic_examination","RootExamination_Field/BasicCreatureExamineUI/BasicCreatureExamBackground",""
"0x0600128A","client_portal.dat","Image","AC_UI_Icon_0600128A","0x2100001C","classic_examination","RootExamination_Field/ItemExamineUI/ItemExamBackground",""
"0x0600128A","client_portal.dat","Image","AC_UI_Icon_0600128A","0x2100001F","classic_urgentassistance","RootUrgentAssistance_Field/UrgentAssistance_PageThree",""
"0x0600128A","client_portal.dat","Image","AC_UI_Icon_0600128A","0x2100001F","classic_urgentassistance","RootUrgentAssistance_Field/UrgentAssistance_PageOne",""
"0x0600128A","client_portal.dat","Image","AC_UI_Icon_0600128A","0x2100001F","classic_urgentassistance","RootUrgentAssistance_Field/UrgentAssistance_PageTwo",""
"0x060012A8","client_portal.dat","Image","AC_UI_Icon_060012A8","0x2100000E","classic_slumlord","RootSlumlord_Field/TabBackground",""
"0x060012A9","client_portal.dat","Image","AC_UI_Icon_060012A9","0x2100000C","classic_salvage","RootSalvage_Field/CloseSalvagePanelButton",""
"0x060012A9","client_portal.dat","Image","AC_UI_Icon_060012A9","0x2100000D","classic_securetrade","RootSecureTrade_Field/CloseSecureTradeButton",""
"0x060012A9","client_portal.dat","Image","AC_UI_Icon_060012A9","0x2100000E","classic_slumlord","RootSlumlord_Field/CloseSlumlordButton",""
"0x060012A9","client_portal.dat","Image","AC_UI_Icon_060012A9","0x21000012","classic_vendor","RootVendor_Field/CloseVendorPanelButton",""
"0x060012AA","client_portal.dat","Image","AC_UI_Icon_060012AA","0x2100000C","classic_salvage","RootSalvage_Field/CloseSalvagePanelButton",""
"0x060012AA","client_portal.dat","Image","AC_UI_Icon_060012AA","0x2100000D","classic_securetrade","RootSecureTrade_Field/CloseSecureTradeButton",""
"0x060012AA","client_portal.dat","Image","AC_UI_Icon_060012AA","0x2100000E","classic_slumlord","RootSlumlord_Field/CloseSlumlordButton",""
"0x060012AA","client_portal.dat","Image","AC_UI_Icon_060012AA","0x21000012","classic_vendor","RootVendor_Field/CloseVendorPanelButton",""
"0x060012B1","client_portal.dat","Image","AC_UI_Icon_060012B1","0x21000043","","Menu_Vendor/Menu_Vendor_SelectionWidget",""
"0x060012B1","client_portal.dat","Image","AC_UI_Icon_060012B1","0x21000043","","Menu_Vendor/Menu_Vendor_SelectionWidget",""
"0x060012B1","client_portal.dat","Image","AC_UI_Icon_060012B1","0x21000043","","Menu_OptionUI/Menu_OptionUI_SelectionWidget",""
"0x060012B1","client_portal.dat","Image","AC_UI_Icon_060012B1","0x21000043","","Menu_OptionUI/Menu_OptionUI_SelectionWidget",""
"0x060012B2","client_portal.dat","Image","AC_UI_Icon_060012B2","0x21000043","","Menu_Vendor/Menu_Vendor_SelectionWidget",""
"0x060012B2","client_portal.dat","Image","AC_UI_Icon_060012B2","0x21000043","","Menu_Vendor/Menu_Vendor_SelectionWidget",""
"0x060012B2","client_portal.dat","Image","AC_UI_Icon_060012B2","0x21000043","","Menu_OptionUI/Menu_OptionUI_SelectionWidget",""
"0x060012B2","client_portal.dat","Image","AC_UI_Icon_060012B2","0x21000043","","Menu_OptionUI/Menu_OptionUI_SelectionWidget",""
"0x060012B3","client_portal.dat","Image","AC_UI_Icon_060012B3","0x21000043","","Menu_OptionUI_PopupItem",""
"0x060012B3","client_portal.dat","Image","AC_UI_Icon_060012B3","0x21000043","","Menu_OptionUI_PopupItem",""
"0x060012B3","client_portal.dat","Image","AC_UI_Icon_060012B3","0x21000043","","Menu_Vendor/Menu_Vendor_SelectionDisplay",""
"0x060012B3","client_portal.dat","Image","AC_UI_Icon_060012B3","0x21000043","","Menu_Vendor_PopupItem",""
"0x060012B3","client_portal.dat","Image","AC_UI_Icon_060012B3","0x21000043","","Menu_Vendor_PopupItem",""
"0x060012B3","client_portal.dat","Image","AC_UI_Icon_060012B3","0x21000043","","Menu_OptionUI/Menu_OptionUI_SelectionDisplay",""
"0x060012B4","client_portal.dat","Image","AC_UI_Icon_060012B4","0x21000043","","Menu_OptionUI_PopupItem",""
"0x060012B4","client_portal.dat","Image","AC_UI_Icon_060012B4","0x21000043","","Menu_Vendor_PopupItem",""
"0x060012B8","client_portal.dat","Image","AC_UI_Icon_060012B8","0x21000012","classic_vendor","VendorBuyButtonSmall",""
"0x060012B8","client_portal.dat","Image","AC_UI_Icon_060012B8","0x21000012","classic_vendor","VendorSellButtonSmall",""
"0x060012B9","client_portal.dat","Image","AC_UI_Icon_060012B9","0x21000012","classic_vendor","VendorBuyButtonSmall",""
"0x060012BA","client_portal.dat","Image","AC_UI_Icon_060012BA","0x21000012","classic_vendor","VendorBuyButtonSmall",""
"0x060012BB","client_portal.dat","Image","AC_UI_Icon_060012BB","0x2100001C","classic_examination","RootExamination_Field/SpellExamineUI/SpellExamBackground_Bottom",""
"0x060012BB","client_portal.dat","Image","AC_UI_Icon_060012BB","0x2100001C","classic_examination","RootExamination_Field/BasicCreatureExamineUI/BasicCreatureExamBackground_Bottom",""
"0x060012BB","client_portal.dat","Image","AC_UI_Icon_060012BB","0x2100001C","classic_examination","RootExamination_Field/ItemExamineUI/ItemExamBackground_Bottom",""
"0x060012BC","client_portal.dat","Image","AC_UI_Icon_060012BC","0x2100001C","classic_examination","RootExamination_Field/SpellExamineUI/SpellExamBackground_Left",""
"0x060012BC","client_portal.dat","Image","AC_UI_Icon_060012BC","0x2100001C","classic_examination","RootExamination_Field/BasicCreatureExamineUI/BasicCreatureExamBackground_Left",""
"0x060012BC","client_portal.dat","Image","AC_UI_Icon_060012BC","0x2100001C","classic_examination","RootExamination_Field/ItemExamineUI/ItemExamBackground_Left",""
"0x060012BC","client_portal.dat","Image","AC_UI_Icon_060012BC","0x2100002B","classic_options","RootOptions_Field/left_edge",""
"0x060012BD","client_portal.dat","Image","AC_UI_Icon_060012BD","0x2100001C","classic_examination","RootExamination_Field/SpellExamineUI/SpellExamBackground_Right",""
"0x060012BD","client_portal.dat","Image","AC_UI_Icon_060012BD","0x2100001C","classic_examination","RootExamination_Field/BasicCreatureExamineUI/BasicCreatureExamBackground_Right",""
"0x060012BD","client_portal.dat","Image","AC_UI_Icon_060012BD","0x2100001C","classic_examination","RootExamination_Field/ItemExamineUI/ItemExamBackground_Right",""
"0x060012C3","client_portal.dat","Image","AC_UI_Icon_060012C3","0x2100001C","classic_examination","BasicCreatureAttributeInfo_Template",""
"0x060012C4","client_portal.dat","Image","AC_UI_Icon_060012C4","0x2100001C","classic_examination","RootExamination_Field/SpellExamineUI/SpellExamBackground_Divider_RightEnd",""
"0x060012C4","client_portal.dat","Image","AC_UI_Icon_060012C4","0x2100001C","classic_examination","RootExamination_Field/SpellExamineUI/SpellExamBackground_Divider_RightEnd_Middle",""
"0x060012C4","client_portal.dat","Image","AC_UI_Icon_060012C4","0x2100001C","classic_examination","RootExamination_Field/SpellExamineUI/SpellExamBackground_Divider_RightEnd_Lower",""
"0x060012C4","client_portal.dat","Image","AC_UI_Icon_060012C4","0x2100001C","classic_examination","RootExamination_Field/BasicCreatureExamineUI/BasicCreatureExamBackground_Divider_RightEnd",""
"0x060012C4","client_portal.dat","Image","AC_UI_Icon_060012C4","0x2100001C","classic_examination","RootExamination_Field/BasicCreatureExamineUI/BasicCreatureExamBackground_LowerDivider_RightEnd",""
"0x060012C4","client_portal.dat","Image","AC_UI_Icon_060012C4","0x2100001C","classic_examination","RootExamination_Field/ItemExamineUI/ItemExamBackground_Divider_RightEnd",""
"0x060012C4","client_portal.dat","Image","AC_UI_Icon_060012C4","0x2100001C","classic_examination","RootExamination_Field/ItemExamineUI/ItemExamBackground_Divider_RightEnd_Lower",""
"0x060012C5","client_portal.dat","Image","AC_UI_Icon_060012C5","0x2100001C","classic_examination","RootExamination_Field/SpellExamineUI/SpellExamBackground_Divider",""
"0x060012C5","client_portal.dat","Image","AC_UI_Icon_060012C5","0x2100001C","classic_examination","RootExamination_Field/SpellExamineUI/SpellExamBackground_Divider_Middle",""
"0x060012C5","client_portal.dat","Image","AC_UI_Icon_060012C5","0x2100001C","classic_examination","RootExamination_Field/SpellExamineUI/SpellExamBackground_Divider_Lower",""
"0x060012C5","client_portal.dat","Image","AC_UI_Icon_060012C5","0x2100001C","classic_examination","RootExamination_Field/BasicCreatureExamineUI/BasicCreatureExamBackground_LowerDivider",""
"0x060012C5","client_portal.dat","Image","AC_UI_Icon_060012C5","0x2100001C","classic_examination","RootExamination_Field/BasicCreatureExamineUI/BasicCreatureExamBackground_Divider",""
"0x060012C5","client_portal.dat","Image","AC_UI_Icon_060012C5","0x2100001C","classic_examination","RootExamination_Field/ItemExamineUI/ItemExamBackground_Divider",""
"0x060012C5","client_portal.dat","Image","AC_UI_Icon_060012C5","0x2100001C","classic_examination","RootExamination_Field/ItemExamineUI/ItemExamBackground_Divider_Lower",""
"0x060012C5","client_portal.dat","Image","AC_UI_Icon_060012C5","0x2100002B","classic_options","OptionSeperatorTemplate",""
"0x060012C6","client_portal.dat","Image","AC_UI_Icon_060012C6","0x2100001C","classic_examination","RootExamination_Field/BasicCreatureExamineUI/BasicCreatureExamBackground_Divider_Vertical",""
"0x060012C6","client_portal.dat","Image","AC_UI_Icon_060012C6","0x2100006B","classic_floatyexamination","RootFloatyExamination_Field/BasicCreatureExamineUI/BasicCreatureExamBackground_Divider_Vertical",""
"0x060012D9","client_portal.dat","Image","AC_UI_Icon_060012D9","0x21000037","ItemSlot","ItemSlot_GenericOverlays/ItemSlot_Icon_SellState",""
"0x06001343","client_portal.dat","Image","AC_UI_Icon_06001343","0x21000000","patch","PatchField/TitleImage",""
"0x06001354","client_portal.dat","Image","AC_UI_Icon_06001354","0x2100000A","classic_powerbar","RootPowerbar_Field/Powerbar/2",""
"0x06001354","client_portal.dat","Image","AC_UI_Icon_06001354","0x21000072","classic_floatypowerbar","RootFloatyPowerBar_Field/Powerbar/2",""
"0x0600135C","client_portal.dat","Image","AC_UI_Icon_0600135C","0x21000015","classic_indicators","RootIndicators_Field/BurdenIndicator",""
"0x06001360","client_portal.dat","Image","AC_UI_Icon_06001360","0x21000015","classic_indicators","RootIndicators_Field/LinkStatusIndicator",""
"0x06001361","client_portal.dat","Image","AC_UI_Icon_06001361","0x21000015","classic_indicators","RootIndicators_Field/LinkStatusIndicator",""
"0x06001361","client_portal.dat","Image","AC_UI_Icon_06001361","0x21000015","classic_indicators","RootIndicators_Field/LinkStatusIndicator",""
"0x06001362","client_portal.dat","Image","AC_UI_Icon_06001362","0x21000015","classic_indicators","RootIndicators_Field/LinkStatusIndicator",""
"0x06001392","client_portal.dat","Image","AC_UI_Icon_06001392","0x21000033","classic_spellcomponent","ComponentCategoryEntryTemplate",""
"0x06001393","client_portal.dat","Image","AC_UI_Icon_06001393","0x2100001A","classic_characterinfo","RootCharacterInfo_Field/ClosePanelButton",""
"0x06001393","client_portal.dat","Image","AC_UI_Icon_06001393","0x2100001B","classic_effects","EffectsFieldTemplate/ClosePanelButton",""
"0x06001393","client_portal.dat","Image","AC_UI_Icon_06001393","0x2100001D","classic_linkstatus","RootLinkStatus_Field/ClosePanelButton",""
"0x06001393","client_portal.dat","Image","AC_UI_Icon_06001393","0x2100001E","classic_minigame","RootMiniGame_Field/MiniGame_ClosePanelButton",""
"0x06001393","client_portal.dat","Image","AC_UI_Icon_06001393","0x21000020","classic_vitae","RootVitae_Field/ClosePanelButton",""
"0x06001393","client_portal.dat","Image","AC_UI_Icon_06001393","0x21000027","classic_world","RootWorld_Field/CloseWorldPanelButton",""
"0x06001393","client_portal.dat","Image","AC_UI_Icon_06001393","0x2100002E","classic_skillmanagement","RootSkillManagement_Field/CloseSkillPanelButton",""
"0x06001393","client_portal.dat","Image","AC_UI_Icon_06001393","0x21000034","classic_spellmanagement","RootSpellManagement_Field/CloseSpellPanelButton",""
"0x06001393","client_portal.dat","Image","AC_UI_Icon_06001393","0x21000063","classic_questmanagement","RootQuestManagement_Field/CloseQuestPanelButton",""
"0x06001394","client_portal.dat","Image","AC_UI_Icon_06001394","0x2100001A","classic_characterinfo","RootCharacterInfo_Field/ClosePanelButton",""
"0x06001394","client_portal.dat","Image","AC_UI_Icon_06001394","0x2100001B","classic_effects","EffectsFieldTemplate/ClosePanelButton",""
"0x06001394","client_portal.dat","Image","AC_UI_Icon_06001394","0x2100001D","classic_linkstatus","RootLinkStatus_Field/ClosePanelButton",""
"0x06001394","client_portal.dat","Image","AC_UI_Icon_06001394","0x2100001E","classic_minigame","RootMiniGame_Field/MiniGame_ClosePanelButton",""
"0x06001394","client_portal.dat","Image","AC_UI_Icon_06001394","0x21000020","classic_vitae","RootVitae_Field/ClosePanelButton",""
"0x06001394","client_portal.dat","Image","AC_UI_Icon_06001394","0x21000027","classic_world","RootWorld_Field/CloseWorldPanelButton",""
"0x06001394","client_portal.dat","Image","AC_UI_Icon_06001394","0x2100002E","classic_skillmanagement","RootSkillManagement_Field/CloseSkillPanelButton",""
"0x06001394","client_portal.dat","Image","AC_UI_Icon_06001394","0x21000034","classic_spellmanagement","RootSpellManagement_Field/CloseSpellPanelButton",""
"0x06001394","client_portal.dat","Image","AC_UI_Icon_06001394","0x21000063","classic_questmanagement","RootQuestManagement_Field/CloseQuestPanelButton",""
"0x06001395","client_portal.dat","Image","AC_UI_Icon_06001395","0x2100001B","classic_effects","EffectsFieldTemplate/InfoBackground",""
"0x06001396","client_portal.dat","Image","AC_UI_Icon_06001396","0x2100001B","classic_effects","Effects_ListInfo_Template",""
"0x06001396","client_portal.dat","Image","AC_UI_Icon_06001396","0x21000037","ItemSlot","ItemSlot_SpellbookEntry",""
"0x06001397","client_portal.dat","Image","AC_UI_Icon_06001397","0x2100001B","classic_effects","Effects_ListInfo_Template",""
"0x06001397","client_portal.dat","Image","AC_UI_Icon_06001397","0x21000037","ItemSlot","ItemSlot_SpellbookEntry/ItemSlot_Icon_Selected",""
"0x06001398","client_portal.dat","Image","AC_UI_Icon_06001398","0x2100001E","classic_minigame","RootMiniGame_Field/MiniGame_Background",""
"0x0600141D","client_portal.dat","Image","AC_UI_Icon_0600141D","0x21000031","classic_social","RootSocial_Field/CloseSocialPanelButton",""
"0x0600141E","client_portal.dat","Image","AC_UI_Icon_0600141E","0x21000031","classic_social","RootSocial_Field/CloseSocialPanelButton",""
"0x06001420","client_portal.dat","Image","AC_UI_Icon_06001420","0x2100002F","classic_allegiance","RootAllegiance_Field/PlayerField/Spacer1",""
"0x06001420","client_portal.dat","Image","AC_UI_Icon_06001420","0x2100002F","classic_allegiance","RootAllegiance_Field/MonarchField/Spacer3",""
"0x06001420","client_portal.dat","Image","AC_UI_Icon_06001420","0x2100002F","classic_allegiance","RootAllegiance_Field/PatronField/Spacer2",""
"0x06001420","client_portal.dat","Image","AC_UI_Icon_06001420","0x21000030","classic_fellowship","RootFellowship_Field/NotInAFellowshipFrame/Spacer",""
"0x06001420","client_portal.dat","Image","AC_UI_Icon_06001420","0x2100005D","classic_friends","RootFriends_Field/Spacer2",""
"0x06001420","client_portal.dat","Image","AC_UI_Icon_06001420","0x2100005D","classic_friends","RootFriends_Field/Spacer1",""
"0x06001420","client_portal.dat","Image","AC_UI_Icon_06001420","0x2100005E","classic_charactertitle","RootCharacterTitle_Field/CharacterTitle_Spacer1",""
"0x06001420","client_portal.dat","Image","AC_UI_Icon_06001420","0x2100005E","classic_charactertitle","RootCharacterTitle_Field/CharacterTitle_Spacer2",""
"0x06001420","client_portal.dat","Image","AC_UI_Icon_06001420","0x21000060","classic_squelch","RootSquelch_Field/SquelchSpacer2",""
"0x06001421","client_portal.dat","Image","AC_UI_Icon_06001421","0x21000009","classic_keyboard","RootKeyboard_Field/KeyboardFrame",""
"0x06001450","client_portal.dat","Image","AC_UI_Icon_06001450","0x21000030","classic_fellowship","FellowshipListBoxEntryTemplate/FellowInfo",""
"0x06001451","client_portal.dat","Image","AC_UI_Icon_06001451","0x2100002F","classic_allegiance","VassalEntryTemplate/VassalNameWrapperField",""
"0x06001451","client_portal.dat","Image","AC_UI_Icon_06001451","0x21000030","classic_fellowship","FellowshipListBoxEntryTemplate/FellowInfo",""
"0x060016D0","client_portal.dat","Image","AC_UI_Icon_060016D0","0x21000015","classic_indicators","RootIndicators_Field/PortalStormIndicator",""
"0x060016D1","client_portal.dat","Image","AC_UI_Icon_060016D1","0x21000015","classic_indicators","RootIndicators_Field/PortalStormIndicator",""
"0x060016D1","client_portal.dat","Image","AC_UI_Icon_060016D1","0x21000015","classic_indicators","RootIndicators_Field/PortalStormIndicator",""
"0x06001915","client_portal.dat","Image","AC_UI_Icon_06001915","0x21000006","classic_chat","RootChat_Field/ChatEntryField/SendButton",""
"0x06001915","client_portal.dat","Image","AC_UI_Icon_06001915","0x2100006F","classic_floatymainchat","RootFloatyMainChat_Field/ChatEntryField/SendButton",""
"0x06001916","client_portal.dat","Image","AC_UI_Icon_06001916","0x21000006","classic_chat","RootChat_Field/ChatEntryField/SendButton",""
"0x06001916","client_portal.dat","Image","AC_UI_Icon_06001916","0x2100006F","classic_floatymainchat","RootFloatyMainChat_Field/ChatEntryField/SendButton",""
"0x06001919","client_portal.dat","Image","AC_UI_Icon_06001919","0x21000007","classic_combat","RootCombat_Field/PowerSlider/4",""
"0x0600191A","client_portal.dat","Image","AC_UI_Icon_0600191A","0x21000044","","LargeSquareCheckBox/image",""
"0x0600191A","client_portal.dat","Image","AC_UI_Icon_0600191A","0x21000044","","LargeSquareCheckBox/image",""
"0x0600191F","client_portal.dat","Image","AC_UI_Icon_0600191F","0x21000044","","LargeSquareCheckBox/image",""
"0x0600191F","client_portal.dat","Image","AC_UI_Icon_0600191F","0x21000044","","LargeSquareCheckBox/image",""
"0x06001923","client_portal.dat","Image","AC_UI_Icon_06001923","0x21000007","classic_combat","RootCombat_Field/PowerSlider/1",""
"0x06001927","client_portal.dat","Image","AC_UI_Icon_06001927","0x21000012","classic_vendor","VendorSellButtonSmall",""
"0x06001928","client_portal.dat","Image","AC_UI_Icon_06001928","0x21000012","classic_vendor","VendorSellButtonSmall",""
"0x06001932","client_portal.dat","Image","AC_UI_Icon_06001932","0x21000015","classic_indicators","RootIndicators_Field/LogoffButton",""
"0x06001933","client_portal.dat","Image","AC_UI_Icon_06001933","0x21000015","classic_indicators","RootIndicators_Field/LogoffButton",""
"0x06001934","client_portal.dat","Image","AC_UI_Icon_06001934","0x21000006","classic_chat","RootChat_Field/ChatEntryField/SendButton",""
"0x06001934","client_portal.dat","Image","AC_UI_Icon_06001934","0x2100006F","classic_floatymainchat","RootFloatyMainChat_Field/ChatEntryField/SendButton",""
"0x06001937","client_portal.dat","Image","AC_UI_Icon_06001937","0x21000016","classic_toolbar","RootToolbar_Field/SelectedObjectField/SelectionBlinkField",""
"0x06001938","client_portal.dat","Image","AC_UI_Icon_06001938","0x21000017","classic_panel","RootPanel_Field/Radar/RadarEast",""
"0x06001938","client_portal.dat","Image","AC_UI_Icon_06001938","0x21000074","classic_floatyradar","RootFloatyRadar_Field/RadarEast",""
"0x0600193A","client_portal.dat","Image","AC_UI_Icon_0600193A","0x21000017","classic_panel","RootPanel_Field/Radar/RadarSouth",""
"0x0600193A","client_portal.dat","Image","AC_UI_Icon_0600193A","0x21000074","classic_floatyradar","RootFloatyRadar_Field/RadarSouth",""
"0x0600193C","client_portal.dat","Image","AC_UI_Icon_0600193C","0x21000017","classic_panel","RootPanel_Field/Radar/RadarWest",""
"0x0600193C","client_portal.dat","Image","AC_UI_Icon_0600193C","0x21000074","classic_floatyradar","RootFloatyRadar_Field/RadarWest",""
"0x0600193E","client_portal.dat","Image","AC_UI_Icon_0600193E","0x21000016","classic_toolbar","RootToolbar_Field/SelectedObjectField/ToolbarHealthMeter",""
"0x0600193F","client_portal.dat","Image","AC_UI_Icon_0600193F","0x21000016","classic_toolbar","RootToolbar_Field/SelectedObjectField/ToolbarHealthMeter/2",""
"0x0600195B","client_portal.dat","Image","AC_UI_Icon_0600195B","0x2100000A","classic_powerbar","RootPowerbar_Field/Powerbar/2",""
"0x0600195B","client_portal.dat","Image","AC_UI_Icon_0600195B","0x21000072","classic_floatypowerbar","RootFloatyPowerBar_Field/Powerbar/2",""
"0x0600195C","client_portal.dat","AnimationFrame","AC_UI_Icon_0600195C","0x21000000","patch","Meter_Patch/2","animation frame"
"0x0600195D","client_portal.dat","AnimationFrame","AC_UI_Icon_0600195D","0x21000000","patch","Meter_Patch/2","animation frame"
"0x0600195E","client_portal.dat","AnimationFrame","AC_UI_Icon_0600195E","0x21000000","patch","Meter_Patch/2","animation frame"
"0x0600195F","client_portal.dat","AnimationFrame","AC_UI_Icon_0600195F","0x21000000","patch","Meter_Patch/2","animation frame"
"0x06001960","client_portal.dat","AnimationFrame","AC_UI_Icon_06001960","0x21000000","patch","Meter_Patch/2","animation frame"
"0x06001961","client_portal.dat","AnimationFrame","AC_UI_Icon_06001961","0x21000000","patch","Meter_Patch/2","animation frame"
"0x06001962","client_portal.dat","AnimationFrame","AC_UI_Icon_06001962","0x21000000","patch","Meter_Patch/2","animation frame"
"0x06001963","client_portal.dat","AnimationFrame","AC_UI_Icon_06001963","0x21000000","patch","Meter_Patch/2","animation frame"
"0x06001964","client_portal.dat","AnimationFrame","AC_UI_Icon_06001964","0x21000000","patch","Meter_Patch/2","animation frame"
"0x06001965","client_portal.dat","AnimationFrame","AC_UI_Icon_06001965","0x21000000","patch","Meter_Patch/2","animation frame"
"0x06001966","client_portal.dat","AnimationFrame","AC_UI_Icon_06001966","0x21000000","patch","Meter_Patch","animation frame"
"0x06001967","client_portal.dat","AnimationFrame","AC_UI_Icon_06001967","0x21000000","patch","Meter_Patch","animation frame"
"0x06001968","client_portal.dat","AnimationFrame","AC_UI_Icon_06001968","0x21000000","patch","Meter_Patch","animation frame"
"0x06001969","client_portal.dat","AnimationFrame","AC_UI_Icon_06001969","0x21000000","patch","Meter_Patch","animation frame"
"0x0600196A","client_portal.dat","AnimationFrame","AC_UI_Icon_0600196A","0x21000000","patch","Meter_Patch","animation frame"
"0x0600196B","client_portal.dat","AnimationFrame","AC_UI_Icon_0600196B","0x21000000","patch","Meter_Patch","animation frame"
"0x0600196C","client_portal.dat","AnimationFrame","AC_UI_Icon_0600196C","0x21000000","patch","Meter_Patch","animation frame"
"0x0600196D","client_portal.dat","AnimationFrame","AC_UI_Icon_0600196D","0x21000000","patch","Meter_Patch","animation frame"
"0x0600196E","client_portal.dat","AnimationFrame","AC_UI_Icon_0600196E","0x21000000","patch","Meter_Patch","animation frame"
"0x0600196F","client_portal.dat","AnimationFrame","AC_UI_Icon_0600196F","0x21000000","patch","Meter_Patch","animation frame"
"0x06001970","client_portal.dat","AnimationFrame","AC_UI_Icon_06001970","0x21000000","patch","Meter_Patch/2","animation frame"
"0x06001971","client_portal.dat","AnimationFrame","AC_UI_Icon_06001971","0x21000000","patch","Meter_Patch/2","animation frame"
"0x06001972","client_portal.dat","AnimationFrame","AC_UI_Icon_06001972","0x21000000","patch","Meter_Patch/2","animation frame"
"0x06001973","client_portal.dat","AnimationFrame","AC_UI_Icon_06001973","0x21000000","patch","Meter_Patch/2","animation frame"
"0x06001974","client_portal.dat","AnimationFrame","AC_UI_Icon_06001974","0x21000000","patch","Meter_Patch/2","animation frame"
"0x06001975","client_portal.dat","AnimationFrame","AC_UI_Icon_06001975","0x21000000","patch","Meter_Patch","animation frame"
"0x06001976","client_portal.dat","AnimationFrame","AC_UI_Icon_06001976","0x21000000","patch","Meter_Patch","animation frame"
"0x06001977","client_portal.dat","AnimationFrame","AC_UI_Icon_06001977","0x21000000","patch","Meter_Patch","animation frame"
"0x06001978","client_portal.dat","AnimationFrame","AC_UI_Icon_06001978","0x21000000","patch","Meter_Patch","animation frame"
"0x06001979","client_portal.dat","AnimationFrame","AC_UI_Icon_06001979","0x21000000","patch","Meter_Patch","animation frame"
"0x060019EC","client_portal.dat","Image","AC_UI_Icon_060019EC","0x21000037","ItemSlot","ItemSlot_Spell/ItemSlot_Icon_ShortcutNum",""
"0x06001A97","client_portal.dat","Image","AC_UI_Icon_06001A97","0x21000037","ItemSlot","ItemSlot_Spell",""
"0x06001A97","client_portal.dat","Image","AC_UI_Icon_06001A97","0x21000037","ItemSlot","ItemSlot_Spell/ItemSlot_Icon",""
"0x06001AAF","client_portal.dat","Image","AC_UI_Icon_06001AAF","0x2100002F","classic_allegiance","VassalEntryTemplate/VassalNameWrapperField",""
"0x06001AAF","client_portal.dat","Image","AC_UI_Icon_06001AAF","0x2100005D","classic_friends","FriendsEntryTemplate",""
"0x06001AAF","client_portal.dat","Image","AC_UI_Icon_06001AAF","0x2100005E","classic_charactertitle","CharacterTitle_EntryTemplate",""
"0x06001AAF","client_portal.dat","Image","AC_UI_Icon_06001AAF","0x21000060","classic_squelch","SquelchEntryTemplate",""
"0x06001AAF","client_portal.dat","Image","AC_UI_Icon_06001AAF","0x21000067","classic_pagelist","PageEntryTemplate",""
"0x06001AAF","client_portal.dat","Image","AC_UI_Icon_06001AAF","0x21000069","classic_contracts","ContractEntryTemplate",""
"0x06001AB0","client_portal.dat","Image","AC_UI_Icon_06001AB0","0x21000040","","Button_BlueStrip/StripButtonLeft",""
"0x06001AB1","client_portal.dat","Image","AC_UI_Icon_06001AB1","0x21000040","","Button_BlueStrip/StripButtonRight",""
"0x06001AB2","client_portal.dat","Image","AC_UI_Icon_06001AB2","0x21000040","","Button_BlueStrip/StripButtonLeft",""
"0x06001AB2","client_portal.dat","Image","AC_UI_Icon_06001AB2","0x21000040","","Button_BlueStrip/StripButtonLeft",""
"0x06001AB3","client_portal.dat","Image","AC_UI_Icon_06001AB3","0x21000040","","Button_BlueStrip/StripButtonRight",""
"0x06001AB3","client_portal.dat","Image","AC_UI_Icon_06001AB3","0x21000040","","Button_BlueStrip/StripButtonRight",""
"0x06001AB4","client_portal.dat","Image","AC_UI_Icon_06001AB4","0x21000040","","Button_BlueStrip/StripButtonLeft",""
"0x06001AB5","client_portal.dat","Image","AC_UI_Icon_06001AB5","0x21000040","","Button_BlueStrip/StripButtonRight",""
"0x06001DAE","client_portal.dat","Image","AC_UI_Icon_06001DAE","0x21000037","ItemSlot","ItemSlot_GenericOverlays/ItemSlot_Icon_TradeState",""
"0x06001DC4","client_portal.dat","Image","AC_UI_Icon_06001DC4","0x2100000D","classic_securetrade","RootSecureTrade_Field/Trade_ClearAllButon",""
"0x06001DC5","client_portal.dat","Image","AC_UI_Icon_06001DC5","0x2100000D","classic_securetrade","RootSecureTrade_Field/Trade_ClearAllButon",""
"0x06001DC6","client_portal.dat","Image","AC_UI_Icon_06001DC6","0x2100000D","classic_securetrade","RootSecureTrade_Field/Trade_ClearAllButon",""
"0x06001FD5","client_portal.dat","Image","AC_UI_Icon_06001FD5","0x2100001E","classic_minigame","RootMiniGame_Field/MiniGame_Background/MiniGame_BoardBase/MiniGame_PieceListBox",""
"0x06001FD6","client_portal.dat","Image","AC_UI_Icon_06001FD6","0x2100001E","classic_minigame","RootMiniGame_Field/MiniGame_Background/MiniGame_BoardBase/MiniGame_Board_TopEdge",""
"0x06001FD7","client_portal.dat","Image","AC_UI_Icon_06001FD7","0x2100001E","classic_minigame","RootMiniGame_Field/MiniGame_Background/MiniGame_BoardBase/MiniGame_Board_BottomEdge",""
"0x06001FD8","client_portal.dat","Image","AC_UI_Icon_06001FD8","0x2100001E","classic_minigame","RootMiniGame_Field/MiniGame_Background/MiniGame_BoardBase/MiniGame_Board_LeftEdge",""
"0x06001FD9","client_portal.dat","Image","AC_UI_Icon_06001FD9","0x2100001E","classic_minigame","RootMiniGame_Field/MiniGame_Background/MiniGame_BoardBase/MiniGame_Board_RightEdge",""
"0x060022BA","client_portal.dat","Image","AC_UI_Icon_060022BA","0x21000005","classic_gameplay","RootGameplay_Field",""
"0x060022BA","client_portal.dat","Image","AC_UI_Icon_060022BA","0x21000066","classic_journal","RootJournal_Field",""
"0x060022D5","client_portal.dat","Image","AC_UI_Icon_060022D5","0x21000016","classic_toolbar","RootToolbar_Field/SelectedObjectField/ToolbarManaMeter",""
"0x060022D6","client_portal.dat","Image","AC_UI_Icon_060022D6","0x21000016","classic_toolbar","RootToolbar_Field/SelectedObjectField/ToolbarManaMeter/2",""
"0x06002344","client_portal.dat","Image","AC_UI_Icon_06002344","0x2100000E","classic_slumlord","RootSlumlord_Field/HouseBuyPage/HouseBuyItemListFrame/HouseBuy_Button",""
"0x06002344","client_portal.dat","Image","AC_UI_Icon_06002344","0x2100001E","classic_minigame","MiniGame_ButtonTemplate",""
"0x06002345","client_portal.dat","Image","AC_UI_Icon_06002345","0x2100000E","classic_slumlord","RootSlumlord_Field/HouseBuyPage/HouseBuyItemListFrame/HouseBuy_Button",""
"0x06002345","client_portal.dat","Image","AC_UI_Icon_06002345","0x2100001E","classic_minigame","MiniGame_ButtonTemplate",""
"0x06002346","client_portal.dat","Image","AC_UI_Icon_06002346","0x2100000E","classic_slumlord","RootSlumlord_Field/HouseBuyPage/HouseBuyItemListFrame/HouseBuy_Button",""
"0x06002346","client_portal.dat","Image","AC_UI_Icon_06002346","0x2100001E","classic_minigame","MiniGame_ButtonTemplate",""
"0x06002347","client_portal.dat","Image","AC_UI_Icon_06002347","0x2100000E","classic_slumlord","RootSlumlord_Field/HouseMaintenancePage/HouseMaintenanceItemListFrame/HouseMaintenance_Button",""
"0x06002348","client_portal.dat","Image","AC_UI_Icon_06002348","0x2100000E","classic_slumlord","RootSlumlord_Field/HouseMaintenancePage/HouseMaintenanceItemListFrame/HouseMaintenance_Button",""
"0x06002349","client_portal.dat","Image","AC_UI_Icon_06002349","0x2100000E","classic_slumlord","RootSlumlord_Field/HouseMaintenancePage/HouseMaintenanceItemListFrame/HouseMaintenance_Button",""
"0x0600251C","client_portal.dat","Image","AC_UI_Icon_0600251C","0x21000030","classic_fellowship","FellowshipListBoxEntryTemplate/FellowHealth/2",""
"0x0600251D","client_portal.dat","Image","AC_UI_Icon_0600251D","0x21000030","classic_fellowship","FellowshipListBoxEntryTemplate/FellowHealth",""
"0x0600251E","client_portal.dat","Image","AC_UI_Icon_0600251E","0x21000030","classic_fellowship","FellowshipListBoxEntryTemplate/FellowMana/2",""
"0x0600251F","client_portal.dat","Image","AC_UI_Icon_0600251F","0x21000030","classic_fellowship","FellowshipListBoxEntryTemplate/FellowMana",""
"0x06002520","client_portal.dat","Image","AC_UI_Icon_06002520","0x21000030","classic_fellowship","FellowshipListBoxEntryTemplate/FellowStamina/2",""
"0x06002521","client_portal.dat","Image","AC_UI_Icon_06002521","0x21000030","classic_fellowship","FellowshipListBoxEntryTemplate/FellowStamina",""
"0x06002629","client_portal.dat","Image","AC_UI_Icon_06002629","0x21000015","classic_indicators","RootIndicators_Field/NegativeEffectsIndicator",""
"0x06002629","client_portal.dat","Image","AC_UI_Icon_06002629","0x21000015","classic_indicators","RootIndicators_Field/NegativeEffectsIndicator",""
"0x06002722","client_portal.dat","Image","AC_UI_Icon_06002722","0x21000032","classic_spellbook","RootSpellbook_Field/FilterBox",""
"0x06002817","client_portal.dat","Image","AC_UI_Icon_06002817","0x21000015","classic_indicators","RootIndicators_Field/MiniGameIndicator",""
"0x06002817","client_portal.dat","Image","AC_UI_Icon_06002817","0x21000015","classic_indicators","RootIndicators_Field/MiniGameIndicator",""
"0x06002D38","client_portal.dat","Image","AC_UI_Icon_06002D38","0x21000040","","Button_BlueStrip_Short/StripButtonRight",""
"0x06002D39","client_portal.dat","Image","AC_UI_Icon_06002D39","0x21000040","","Button_BlueStrip_Short/StripButtonRight",""
"0x06002D39","client_portal.dat","Image","AC_UI_Icon_06002D39","0x21000040","","Button_BlueStrip_Short/StripButtonRight",""
"0x06002D3A","client_portal.dat","Image","AC_UI_Icon_06002D3A","0x21000040","","Button_BlueStrip_Short/StripButtonRight",""
"0x06002D3B","client_portal.dat","Image","AC_UI_Icon_06002D3B","0x21000040","","Button_BlueStrip_Short/StripButtonLeft",""
"0x06002D3C","client_portal.dat","Image","AC_UI_Icon_06002D3C","0x21000040","","Button_BlueStrip_Short/StripButtonLeft",""
"0x06002D3C","client_portal.dat","Image","AC_UI_Icon_06002D3C","0x21000040","","Button_BlueStrip_Short/StripButtonLeft",""
"0x06002D3D","client_portal.dat","Image","AC_UI_Icon_06002D3D","0x21000040","","Button_BlueStrip_Short/StripButtonLeft",""
"0x060032C4","client_portal.dat","Image","AC_UI_Icon_060032C4","0x21000037","ItemSlot","ItemSlot_Equip_ClothesPants/ItemSlot_Icon",""
"0x060032C5","client_portal.dat","Image","AC_UI_Icon_060032C5","0x21000037","ItemSlot","ItemSlot_Equip_ClothesShirt/ItemSlot_Icon",""
"0x06004C4C","client_portal.dat","Image","AC_UI_Icon_06004C4C","0x2100000C","classic_salvage","SalvageButton_Template",""
"0x06004C4C","client_portal.dat","Image","AC_UI_Icon_06004C4C","0x21000012","classic_vendor","VendorItemButton",""
"0x06004C4C","client_portal.dat","Image","AC_UI_Icon_06004C4C","0x21000012","classic_vendor","VendorBuyButton",""
"0x06004C4C","client_portal.dat","Image","AC_UI_Icon_06004C4C","0x21000012","classic_vendor","VendorSellButton",""
"0x06004C4D","client_portal.dat","Image","AC_UI_Icon_06004C4D","0x2100000C","classic_salvage","SalvageButton_Template",""
"0x06004C4D","client_portal.dat","Image","AC_UI_Icon_06004C4D","0x21000012","classic_vendor","VendorItemButton",""
"0x06004C4D","client_portal.dat","Image","AC_UI_Icon_06004C4D","0x21000012","classic_vendor","VendorBuyButton",""
"0x06004C4D","client_portal.dat","Image","AC_UI_Icon_06004C4D","0x21000012","classic_vendor","VendorSellButton",""
"0x06004C4E","client_portal.dat","Image","AC_UI_Icon_06004C4E","0x2100000C","classic_salvage","SalvageButton_Template",""
"0x06004C4E","client_portal.dat","Image","AC_UI_Icon_06004C4E","0x21000012","classic_vendor","VendorItemButton",""
"0x06004C4E","client_portal.dat","Image","AC_UI_Icon_06004C4E","0x21000012","classic_vendor","VendorBuyButton",""
"0x06004C4E","client_portal.dat","Image","AC_UI_Icon_06004C4E","0x21000012","classic_vendor","VendorSellButton",""
"0x06004C5F","client_portal.dat","Image","AC_UI_Icon_06004C5F","0x2100003E","","Menu_Vendor_Scrollbar_16",""
"0x06004C5F","client_portal.dat","Image","AC_UI_Icon_06004C5F","0x2100003E","","VScrollbar_16",""
"0x06004C60","client_portal.dat","Image","AC_UI_Icon_06004C60","0x2100003E","","Menu_Vendor_Scrollbar_16/1/widget_top_field",""
"0x06004C60","client_portal.dat","Image","AC_UI_Icon_06004C60","0x2100003E","","VScrollbar_16/1/widget_top_field",""
"0x06004C61","client_portal.dat","Image","AC_UI_Icon_06004C61","0x2100003E","","Menu_Vendor_Scrollbar_16/1/widget_top_field",""
"0x06004C61","client_portal.dat","Image","AC_UI_Icon_06004C61","0x2100003E","","VScrollbar_16/1/widget_top_field",""
"0x06004C62","client_portal.dat","Image","AC_UI_Icon_06004C62","0x2100003E","","Menu_Vendor_Scrollbar_16/1/widget_top_field",""
"0x06004C62","client_portal.dat","Image","AC_UI_Icon_06004C62","0x2100003E","","VScrollbar_16/1/widget_top_field",""
"0x06004C63","client_portal.dat","Image","AC_UI_Icon_06004C63","0x2100003E","","Menu_Vendor_Scrollbar_16/1/widget_mid_field",""
"0x06004C63","client_portal.dat","Image","AC_UI_Icon_06004C63","0x2100003E","","VScrollbar_16/1/widget_mid_field",""
"0x06004C64","client_portal.dat","Image","AC_UI_Icon_06004C64","0x2100003E","","Menu_Vendor_Scrollbar_16/1/widget_mid_field",""
"0x06004C64","client_portal.dat","Image","AC_UI_Icon_06004C64","0x2100003E","","VScrollbar_16/1/widget_mid_field",""
"0x06004C65","client_portal.dat","Image","AC_UI_Icon_06004C65","0x2100003E","","Menu_Vendor_Scrollbar_16/1/widget_mid_field",""
"0x06004C65","client_portal.dat","Image","AC_UI_Icon_06004C65","0x2100003E","","VScrollbar_16/1/widget_mid_field",""
"0x06004C66","client_portal.dat","Image","AC_UI_Icon_06004C66","0x2100003E","","Menu_Vendor_Scrollbar_16/1/widget_bottom_field",""
"0x06004C66","client_portal.dat","Image","AC_UI_Icon_06004C66","0x2100003E","","VScrollbar_16/1/widget_bottom_field",""
"0x06004C67","client_portal.dat","Image","AC_UI_Icon_06004C67","0x2100003E","","Menu_Vendor_Scrollbar_16/1/widget_bottom_field",""
"0x06004C67","client_portal.dat","Image","AC_UI_Icon_06004C67","0x2100003E","","VScrollbar_16/1/widget_bottom_field",""
"0x06004C68","client_portal.dat","Image","AC_UI_Icon_06004C68","0x2100003E","","Menu_Vendor_Scrollbar_16/1/widget_bottom_field",""
"0x06004C68","client_portal.dat","Image","AC_UI_Icon_06004C68","0x2100003E","","VScrollbar_16/1/widget_bottom_field",""
"0x06004C69","client_portal.dat","Image","AC_UI_Icon_06004C69","0x2100003E","","Menu_Vendor_Scrollbar_16/ScrollBar_Down",""
"0x06004C69","client_portal.dat","Image","AC_UI_Icon_06004C69","0x2100003E","","VScrollbar_16/ScrollBar_Down",""
"0x06004C6A","client_portal.dat","Image","AC_UI_Icon_06004C6A","0x2100003E","","Menu_Vendor_Scrollbar_16/ScrollBar_Down",""
"0x06004C6A","client_portal.dat","Image","AC_UI_Icon_06004C6A","0x2100003E","","VScrollbar_16/ScrollBar_Down",""
"0x06004C6B","client_portal.dat","Image","AC_UI_Icon_06004C6B","0x2100003E","","Menu_Vendor_Scrollbar_16/ScrollBar_Down",""
"0x06004C6B","client_portal.dat","Image","AC_UI_Icon_06004C6B","0x2100003E","","VScrollbar_16/ScrollBar_Down",""
"0x06004C6C","client_portal.dat","Image","AC_UI_Icon_06004C6C","0x2100003E","","Menu_Vendor_Scrollbar_16/ScrollBar_Up",""
"0x06004C6C","client_portal.dat","Image","AC_UI_Icon_06004C6C","0x2100003E","","VScrollbar_16/ScrollBar_Up",""
"0x06004C6D","client_portal.dat","Image","AC_UI_Icon_06004C6D","0x2100003E","","Menu_Vendor_Scrollbar_16/ScrollBar_Up",""
"0x06004C6D","client_portal.dat","Image","AC_UI_Icon_06004C6D","0x2100003E","","VScrollbar_16/ScrollBar_Up",""
"0x06004C6E","client_portal.dat","Image","AC_UI_Icon_06004C6E","0x2100003E","","Menu_Vendor_Scrollbar_16/ScrollBar_Up",""
"0x06004C6E","client_portal.dat","Image","AC_UI_Icon_06004C6E","0x2100003E","","VScrollbar_16/ScrollBar_Up",""
"0x06004C6F","client_portal.dat","Image","AC_UI_Icon_06004C6F","0x2100003E","","HScrollbar_20",""
"0x06004C70","client_portal.dat","Image","AC_UI_Icon_06004C70","0x2100003E","","HScrollbar_20/1/widget_left_field",""
"0x06004C71","client_portal.dat","Image","AC_UI_Icon_06004C71","0x2100003E","","HScrollbar_20/1/widget_left_field",""
"0x06004C72","client_portal.dat","Image","AC_UI_Icon_06004C72","0x2100003E","","HScrollbar_20/1/widget_left_field",""
"0x06004C73","client_portal.dat","Image","AC_UI_Icon_06004C73","0x2100003E","","HScrollbar_20/1/widget_mid_field",""
"0x06004C74","client_portal.dat","Image","AC_UI_Icon_06004C74","0x2100003E","","HScrollbar_20/1/widget_mid_field",""
"0x06004C75","client_portal.dat","Image","AC_UI_Icon_06004C75","0x2100003E","","HScrollbar_20/1/widget_mid_field",""
"0x06004C76","client_portal.dat","Image","AC_UI_Icon_06004C76","0x2100003E","","HScrollbar_20/1/widget_right_field",""
"0x06004C77","client_portal.dat","Image","AC_UI_Icon_06004C77","0x2100003E","","HScrollbar_20/1/widget_right_field",""
"0x06004C78","client_portal.dat","Image","AC_UI_Icon_06004C78","0x2100003E","","HScrollbar_20/1/widget_right_field",""
"0x06004C79","client_portal.dat","Image","AC_UI_Icon_06004C79","0x2100003E","","HScrollbar_20/ScrollBar_Right",""
"0x06004C7A","client_portal.dat","Image","AC_UI_Icon_06004C7A","0x2100003E","","HScrollbar_20/ScrollBar_Right",""
"0x06004C7B","client_portal.dat","Image","AC_UI_Icon_06004C7B","0x2100003E","","HScrollbar_20/ScrollBar_Right",""
"0x06004C7C","client_portal.dat","Image","AC_UI_Icon_06004C7C","0x2100003E","","HScrollbar_20/ScrollBar_Left",""
"0x06004C7D","client_portal.dat","Image","AC_UI_Icon_06004C7D","0x2100003E","","HScrollbar_20/ScrollBar_Left",""
"0x06004C7E","client_portal.dat","Image","AC_UI_Icon_06004C7E","0x2100003E","","HScrollbar_20/ScrollBar_Left",""
"0x06004C7F","client_portal.dat","Image","AC_UI_Icon_06004C7F","0x2100003E","","HScrollbar_16",""
"0x06004C80","client_portal.dat","Image","AC_UI_Icon_06004C80","0x2100003E","","HScrollbar_16/1/widget_left_field",""
"0x06004C81","client_portal.dat","Image","AC_UI_Icon_06004C81","0x2100003E","","HScrollbar_16/1/widget_left_field",""
"0x06004C82","client_portal.dat","Image","AC_UI_Icon_06004C82","0x2100003E","","HScrollbar_16/1/widget_left_field",""
"0x06004C83","client_portal.dat","Image","AC_UI_Icon_06004C83","0x2100003E","","HScrollbar_16/1/widget_mid_field",""
"0x06004C84","client_portal.dat","Image","AC_UI_Icon_06004C84","0x2100003E","","HScrollbar_16/1/widget_mid_field",""
"0x06004C85","client_portal.dat","Image","AC_UI_Icon_06004C85","0x2100003E","","HScrollbar_16/1/widget_mid_field",""
"0x06004C86","client_portal.dat","Image","AC_UI_Icon_06004C86","0x2100003E","","HScrollbar_16/1/widget_right_field",""
"0x06004C87","client_portal.dat","Image","AC_UI_Icon_06004C87","0x2100003E","","HScrollbar_16/1/widget_right_field",""
"0x06004C88","client_portal.dat","Image","AC_UI_Icon_06004C88","0x2100003E","","HScrollbar_16/1/widget_right_field",""
"0x06004C89","client_portal.dat","Image","AC_UI_Icon_06004C89","0x2100003E","","HScrollbar_16/ScrollBar_Right",""
"0x06004C8A","client_portal.dat","Image","AC_UI_Icon_06004C8A","0x2100003E","","HScrollbar_16/ScrollBar_Right",""
"0x06004C8B","client_portal.dat","Image","AC_UI_Icon_06004C8B","0x2100003E","","HScrollbar_16/ScrollBar_Right",""
"0x06004C8C","client_portal.dat","Image","AC_UI_Icon_06004C8C","0x2100003E","","HScrollbar_16/ScrollBar_Left",""
"0x06004C8D","client_portal.dat","Image","AC_UI_Icon_06004C8D","0x2100003E","","HScrollbar_16/ScrollBar_Left",""
"0x06004C8E","client_portal.dat","Image","AC_UI_Icon_06004C8E","0x2100003E","","HScrollbar_16/ScrollBar_Left",""
"0x06004C8F","client_portal.dat","Image","AC_UI_Icon_06004C8F","0x21000040","","Button_ArrowLeft",""
"0x06004C90","client_portal.dat","Image","AC_UI_Icon_06004C90","0x21000040","","Button_ArrowLeft",""
"0x06004C91","client_portal.dat","Image","AC_UI_Icon_06004C91","0x21000040","","Button_ArrowLeft",""
"0x06004C92","client_portal.dat","Image","AC_UI_Icon_06004C92","0x21000040","","Button_ArrowRight",""
"0x06004C93","client_portal.dat","Image","AC_UI_Icon_06004C93","0x21000040","","Button_ArrowRight",""
"0x06004C94","client_portal.dat","Image","AC_UI_Icon_06004C94","0x21000040","","Button_RedBar/StripButtonLeft",""
"0x06004C95","client_portal.dat","Image","AC_UI_Icon_06004C95","0x21000040","","Button_RedBar/StripButtonLeft",""
"0x06004C96","client_portal.dat","Image","AC_UI_Icon_06004C96","0x21000040","","Button_RedBar/StripButtonLeft",""
"0x06004C96","client_portal.dat","Image","AC_UI_Icon_06004C96","0x21000040","","Button_RedBar/StripButtonLeft",""
"0x06004C97","client_portal.dat","Image","AC_UI_Icon_06004C97","0x21000040","","Button_RedBar/StripButtonMiddle",""
"0x06004C98","client_portal.dat","Image","AC_UI_Icon_06004C98","0x21000040","","Button_RedBar/StripButtonMiddle",""
"0x06004C99","client_portal.dat","Image","AC_UI_Icon_06004C99","0x21000040","","Button_RedBar/StripButtonMiddle",""
"0x06004C99","client_portal.dat","Image","AC_UI_Icon_06004C99","0x21000040","","Button_RedBar/StripButtonMiddle",""
"0x06004C9A","client_portal.dat","Image","AC_UI_Icon_06004C9A","0x21000040","","Button_RedBar/StripButtonRight",""
"0x06004C9B","client_portal.dat","Image","AC_UI_Icon_06004C9B","0x21000040","","Button_RedBar/StripButtonRight",""
"0x06004C9C","client_portal.dat","Image","AC_UI_Icon_06004C9C","0x21000040","","Button_RedBar/StripButtonRight",""
"0x06004C9C","client_portal.dat","Image","AC_UI_Icon_06004C9C","0x21000040","","Button_RedBar/StripButtonRight",""
"0x06004C9D","client_portal.dat","Alpha","AC_UI_Icon_06004C9D","0x21000040","","Button_RedLarge_Shadow",""
"0x06004C9E","client_portal.dat","Image","AC_UI_Icon_06004C9E","0x21000040","","Button_RedLarge_Shadow",""
"0x06004C9F","client_portal.dat","Image","AC_UI_Icon_06004C9F","0x21000040","","Button_RedLarge_Shadow",""
"0x06004CA0","client_portal.dat","Image","AC_UI_Icon_06004CA0","0x21000040","","Button_RedLarge_Shadow",""
"0x06004CA1","client_portal.dat","Image","AC_UI_Icon_06004CA1","0x21000040","","Button_RedLarge_Shadow",""
"0x06004CA2","client_portal.dat","Alpha","AC_UI_Icon_06004CA2","0x21000040","","Button_RedHuge_Shadow",""
"0x06004CA3","client_portal.dat","Image","AC_UI_Icon_06004CA3","0x21000040","","Button_RedHuge_Shadow",""
"0x06004CA4","client_portal.dat","Image","AC_UI_Icon_06004CA4","0x21000040","","Button_RedHuge_Shadow",""
"0x06004CA5","client_portal.dat","Image","AC_UI_Icon_06004CA5","0x21000040","","Button_RedHuge_Shadow",""
"0x06004CA6","client_portal.dat","Image","AC_UI_Icon_06004CA6","0x21000040","","Button_RedHuge_Shadow",""
"0x06004CA7","client_portal.dat","Image","AC_UI_Icon_06004CA7","0x21000040","","Button_OvalSparkleBorder",""
"0x06004CA8","client_portal.dat","Image","AC_UI_Icon_06004CA8","0x21000040","","Button_OvalSparkleBorder",""
"0x06004CA9","client_portal.dat","Image","AC_UI_Icon_06004CA9","0x21000040","","Button_OvalSparkleBorder",""
"0x06004CAA","client_portal.dat","Image","AC_UI_Icon_06004CAA","0x21000040","","Button_OvalSparkleBorder",""
"0x06004CAB","client_portal.dat","Image","AC_UI_Icon_06004CAB","0x21000040","","Button_BrownStrip/StripButtonLeft",""
"0x06004CAC","client_portal.dat","Image","AC_UI_Icon_06004CAC","0x21000040","","Button_BrownStrip/StripButtonLeft",""
"0x06004CAD","client_portal.dat","Image","AC_UI_Icon_06004CAD","0x21000040","","Button_BrownStrip/StripButtonLeft",""
"0x06004CAD","client_portal.dat","Image","AC_UI_Icon_06004CAD","0x21000040","","Button_BrownStrip/StripButtonLeft",""
"0x06004CAE","client_portal.dat","Image","AC_UI_Icon_06004CAE","0x21000040","","Button_BrownStrip/StripButtonRight",""
"0x06004CAF","client_portal.dat","Image","AC_UI_Icon_06004CAF","0x21000040","","Button_BrownStrip/StripButtonRight",""
"0x06004CB0","client_portal.dat","Image","AC_UI_Icon_06004CB0","0x21000040","","Button_BrownStrip/StripButtonRight",""
"0x06004CB0","client_portal.dat","Image","AC_UI_Icon_06004CB0","0x21000040","","Button_BrownStrip/StripButtonRight",""
"0x06004CB1","client_portal.dat","Alpha","AC_UI_Icon_06004CB1","0x21000040","","Button_CharManagement_EnterGame",""
"0x06004CB2","client_portal.dat","Image","AC_UI_Icon_06004CB2","0x21000040","","Button_CharManagement_EnterGame",""
"0x06004CB3","client_portal.dat","Image","AC_UI_Icon_06004CB3","0x21000040","","Button_CharManagement_EnterGame",""
"0x06004CB3","client_portal.dat","Image","AC_UI_Icon_06004CB3","0x21000040","","Button_CharManagement_EnterGame",""
"0x06004CB5","client_portal.dat","Image","AC_UI_Icon_06004CB5","0x21000040","","Button_CharManagement_EnterGame",""
"0x06004CB6","client_portal.dat","Image","AC_UI_Icon_06004CB6","0x21000040","","Button_GreenTriangle",""
"0x06004CB6","client_portal.dat","Image","AC_UI_Icon_06004CB6","0x2100004C","","CGSkillPanel/SkillUpArrow",""
"0x06004CB7","client_portal.dat","Image","AC_UI_Icon_06004CB7","0x21000040","","Button_GreenTriangle",""
"0x06004CB7","client_portal.dat","Image","AC_UI_Icon_06004CB7","0x2100004C","","CGSkillPanel/SkillUpArrow",""
"0x06004CB8","client_portal.dat","Image","AC_UI_Icon_06004CB8","0x2100000D","classic_securetrade","RootSecureTrade_Field/TradeOtherField/TradeOtherRightSideBevel",""
"0x06004CB8","client_portal.dat","Image","AC_UI_Icon_06004CB8","0x21000042","","Box_GoldBorder/left_edge",""
"0x06004CB8","client_portal.dat","Image","AC_UI_Icon_06004CB8","0x21000042","","Box_GoldBorder/right_edge",""
"0x06004CB8","client_portal.dat","Image","AC_UI_Icon_06004CB8","0x21000045","","StatManagement_Template/StatManagement_Header/StatManagement_Divider_Header",""
"0x06004CB8","client_portal.dat","Image","AC_UI_Icon_06004CB8","0x2100004C","","CGBox/left",""
"0x06004CB8","client_portal.dat","Image","AC_UI_Icon_06004CB8","0x2100004C","","CGBox/right",""
"0x06004CB9","client_portal.dat","Image","AC_UI_Icon_06004CB9","0x2100000D","classic_securetrade","RootSecureTrade_Field/TradeOtherField/TradeOtherTradeIndicator",""
"0x06004CBA","client_portal.dat","Image","AC_UI_Icon_06004CBA","0x2100000D","classic_securetrade","RootSecureTrade_Field/TradeOtherField/TradeOtherTradeIndicator",""
"0x06004CBB","client_portal.dat","Image","AC_UI_Icon_06004CBB","0x2100000D","classic_securetrade","RootSecureTrade_Field/TradeSelfField/TradeSelfTradeButton",""
"0x06004CBC","client_portal.dat","Image","AC_UI_Icon_06004CBC","0x2100000D","classic_securetrade","RootSecureTrade_Field/TradeSelfField/TradeSelfTradeButton",""
"0x06004CBD","client_portal.dat","Image","AC_UI_Icon_06004CBD","0x2100000D","classic_securetrade","RootSecureTrade_Field/TradeSelfField/TradeSelfTradeButton",""
"0x06004CBE","client_portal.dat","Image","AC_UI_Icon_06004CBE","0x2100000E","classic_slumlord","RootSlumlord_Field/HouseMaintenanceTab",""
"0x06004CBE","client_portal.dat","Image","AC_UI_Icon_06004CBE","0x2100000E","classic_slumlord","RootSlumlord_Field/HouseBuyTab",""
"0x06004CBF","client_portal.dat","Image","AC_UI_Icon_06004CBF","0x2100000E","classic_slumlord","RootSlumlord_Field/HouseMaintenanceTab",""
"0x06004CBF","client_portal.dat","Image","AC_UI_Icon_06004CBF","0x2100000E","classic_slumlord","RootSlumlord_Field/HouseBuyTab",""
"0x06004CC0","client_portal.dat","Image","AC_UI_Icon_06004CC0","0x21000002","disconnected","DisconnectedField/DisconnectedBox",""
"0x06004CC0","client_portal.dat","Image","AC_UI_Icon_06004CC0","0x21000058","classic_admin","RootAdmin_Field/AdminPanelFrame",""
"0x06004CC0","client_portal.dat","Image","AC_UI_Icon_06004CC0","0x21000074","classic_floatyradar","RootFloatyRadar_Field/RadarCoords",""
"0x06004CC1","client_portal.dat","Image","AC_UI_Icon_06004CC1","0x21000074","classic_floatyradar","RootFloatyRadar_Field/RadarImage",""
"0x06004CC2","client_portal.dat","Image","AC_UI_Icon_06004CC2","0x21000007","classic_combat","RootCombat_Field/background_left",""
"0x06004CC2","client_portal.dat","Image","AC_UI_Icon_06004CC2","0x21000007","classic_combat","RootCombat_Field/background_mid",""
"0x06004CC2","client_portal.dat","Image","AC_UI_Icon_06004CC2","0x21000007","classic_combat","RootCombat_Field/background_right",""
"0x06004CC2","client_portal.dat","Image","AC_UI_Icon_06004CC2","0x21000008","classic_externalcontainer","RootExternalContainer_Field",""
"0x06004CC2","client_portal.dat","Image","AC_UI_Icon_06004CC2","0x2100000C","classic_salvage","RootSalvage_Field",""
"0x06004CC2","client_portal.dat","Image","AC_UI_Icon_06004CC2","0x2100000D","classic_securetrade","RootSecureTrade_Field/TradeOtherField",""
"0x06004CC2","client_portal.dat","Image","AC_UI_Icon_06004CC2","0x2100000D","classic_securetrade","RootSecureTrade_Field/TradeSelfField",""
"0x06004CC2","client_portal.dat","Image","AC_UI_Icon_06004CC2","0x2100000E","classic_slumlord","RootSlumlord_Field",""
"0x06004CC2","client_portal.dat","Image","AC_UI_Icon_06004CC2","0x2100000E","classic_slumlord","RootSlumlord_Field/HouseBuyPage",""
"0x06004CC2","client_portal.dat","Image","AC_UI_Icon_06004CC2","0x2100000E","classic_slumlord","RootSlumlord_Field/HouseMaintenancePage",""
"0x06004CC2","client_portal.dat","Image","AC_UI_Icon_06004CC2","0x21000010","classic_spellcasting","RootSpellcasting_Field/SpellcastSlot_Background",""
"0x06004CC2","client_portal.dat","Image","AC_UI_Icon_06004CC2","0x21000010","classic_spellcasting","RootSpellcasting_Field/SpellcastSlot_TabBackground",""
"0x06004CC2","client_portal.dat","Image","AC_UI_Icon_06004CC2","0x21000012","classic_vendor","VendorItemsPageTemplate",""
"0x06004CC2","client_portal.dat","Image","AC_UI_Icon_06004CC2","0x21000012","classic_vendor","VendorBuyPageTemplate",""
"0x06004CC2","client_portal.dat","Image","AC_UI_Icon_06004CC2","0x21000012","classic_vendor","VendorSellPageTemplate",""
"0x06004CC2","client_portal.dat","Image","AC_UI_Icon_06004CC2","0x21000016","classic_toolbar","RootToolbar_Field/ShortcutBar_LeftSideSpacer",""
"0x06004CC2","client_portal.dat","Image","AC_UI_Icon_06004CC2","0x21000016","classic_toolbar","RootToolbar_Field/ShortcutBar2_LeftSideSpacer",""
"0x06004CC2","client_portal.dat","Image","AC_UI_Icon_06004CC2","0x21000016","classic_toolbar","RootToolbar_Field/ShortcutBar_RightSideSpacer",""
"0x06004CC2","client_portal.dat","Image","AC_UI_Icon_06004CC2","0x21000016","classic_toolbar","RootToolbar_Field/ShortcutBar2_RightSideSpacer",""
"0x06004CC2","client_portal.dat","Image","AC_UI_Icon_06004CC2","0x21000018","classic_abuse","RootAbuse_Field/Abuse_PageTwo/Abuse_PageTwo_NameBox",""
"0x06004CC2","client_portal.dat","Image","AC_UI_Icon_06004CC2","0x21000018","classic_abuse","RootAbuse_Field/Abuse_PageTwo/Abuse_PageTwo_EntryBox",""
"0x06004CC2","client_portal.dat","Image","AC_UI_Icon_06004CC2","0x2100001A","classic_characterinfo","RootCharacterInfo_Field/CharacterInfoBackground",""
"0x06004CC2","client_portal.dat","Image","AC_UI_Icon_06004CC2","0x2100001C","classic_examination","FormulaIcon_Template/FormulaIcon_Ghosted",""
"0x06004CC2","client_portal.dat","Image","AC_UI_Icon_06004CC2","0x2100001D","classic_linkstatus","RootLinkStatus_Field/LinkStatusBackground",""
"0x06004CC2","client_portal.dat","Image","AC_UI_Icon_06004CC2","0x2100001F","classic_urgentassistance","RootUrgentAssistance_Field/UrgentAssistance_PageTwo/UrgentAssistance_PageTwo_EntryBox",""
"0x06004CC2","client_portal.dat","Image","AC_UI_Icon_06004CC2","0x21000020","classic_vitae","RootVitae_Field/VitaeBackground",""
"0x06004CC2","client_portal.dat","Image","AC_UI_Icon_06004CC2","0x21000023","classic_inventory","RootInventory_Field/CloseInvPanelButton",""
"0x06004CC2","client_portal.dat","Image","AC_UI_Icon_06004CC2","0x21000025","classic_house","RootHouse_Field",""
"0x06004CC2","client_portal.dat","Image","AC_UI_Icon_06004CC2","0x2100002B","classic_options","RootOptions_Field/CharacterSettingsPage",""
"0x06004CC2","client_portal.dat","Image","AC_UI_Icon_06004CC2","0x2100002B","classic_options","RootOptions_Field/GameplayOptionsPage",""
"0x06004CC2","client_portal.dat","Image","AC_UI_Icon_06004CC2","0x2100002B","classic_options","RootOptions_Field/ConfigPage",""
"0x06004CC2","client_portal.dat","Image","AC_UI_Icon_06004CC2","0x2100002B","classic_options","RootOptions_Field/ChatPage",""
"0x06004CC2","client_portal.dat","Image","AC_UI_Icon_06004CC2","0x2100002F","classic_allegiance","RootAllegiance_Field",""
"0x06004CC2","client_portal.dat","Image","AC_UI_Icon_06004CC2","0x21000030","classic_fellowship","RootFellowship_Field",""
"0x06004CC2","client_portal.dat","Image","AC_UI_Icon_06004CC2","0x21000030","classic_fellowship","RootFellowship_Field/NotInAFellowshipFrame/FellowshipNameEntryBox",""
"0x06004CC2","client_portal.dat","Image","AC_UI_Icon_06004CC2","0x21000032","classic_spellbook","RootSpellbook_Field",""
"0x06004CC2","client_portal.dat","Image","AC_UI_Icon_06004CC2","0x21000033","classic_spellcomponent","RootSpellComponent_Field",""
"0x06004CC2","client_portal.dat","Image","AC_UI_Icon_06004CC2","0x21000033","classic_spellcomponent","ComponentEntryTemplate/ComponentLevelEntry",""
"0x06004CC2","client_portal.dat","Image","AC_UI_Icon_06004CC2","0x21000042","","Field_ThinBorder",""
"0x06004CC2","client_portal.dat","Image","AC_UI_Icon_06004CC2","0x21000045","","StatManagement_Template",""
"0x06004CC2","client_portal.dat","Image","AC_UI_Icon_06004CC2","0x21000045","","StatManagement_ListInfo_Template",""
"0x06004CC2","client_portal.dat","Image","AC_UI_Icon_06004CC2","0x2100004C","","CGBox",""
"0x06004CC2","client_portal.dat","Image","AC_UI_Icon_06004CC2","0x2100005B","","RootFloatyChat_Field/ChatLogField",""
"0x06004CC2","client_portal.dat","Image","AC_UI_Icon_06004CC2","0x2100005B","","RootFloatyChat_Field/ChatLogScrollbar",""
"0x06004CC2","client_portal.dat","Image","AC_UI_Icon_06004CC2","0x2100005B","","RootFloatyChat_Field/TitleBar",""
"0x06004CC2","client_portal.dat","Image","AC_UI_Icon_06004CC2","0x2100005B","","RootFloatyChat_Field/ChatPanelTextEntryField",""
"0x06004CC2","client_portal.dat","Image","AC_UI_Icon_06004CC2","0x2100005D","classic_friends","RootFriends_Field",""
"0x06004CC2","client_portal.dat","Image","AC_UI_Icon_06004CC2","0x2100005D","classic_friends","RootFriends_Field/FriendsListBox",""
"0x06004CC2","client_portal.dat","Image","AC_UI_Icon_06004CC2","0x2100005D","classic_friends","RootFriends_Field/FriendNameEntryBox",""
"0x06004CC2","client_portal.dat","Image","AC_UI_Icon_06004CC2","0x2100005E","classic_charactertitle","RootCharacterTitle_Field",""
"0x06004CC2","client_portal.dat","Image","AC_UI_Icon_06004CC2","0x2100005E","classic_charactertitle","RootCharacterTitle_Field/CharacterTitle_ListBox",""
"0x06004CC2","client_portal.dat","Image","AC_UI_Icon_06004CC2","0x21000060","classic_squelch","RootSquelch_Field",""
"0x06004CC2","client_portal.dat","Image","AC_UI_Icon_06004CC2","0x21000060","classic_squelch","RootSquelch_Field/SquelchListBox",""
"0x06004CC2","client_portal.dat","Image","AC_UI_Icon_06004CC2","0x21000060","classic_squelch","RootSquelch_Field/SquelchNameEntryBox",""
"0x06004CC2","client_portal.dat","Image","AC_UI_Icon_06004CC2","0x21000067","classic_pagelist","RootPageList_Field",""
"0x06004CC2","client_portal.dat","Image","AC_UI_Icon_06004CC2","0x21000067","classic_pagelist","RootPageList_Field/PageListBox",""
"0x06004CC2","client_portal.dat","Image","AC_UI_Icon_06004CC2","0x21000067","classic_pagelist","RootPageList_Field/SearchEntryBox",""
"0x06004CC2","client_portal.dat","Image","AC_UI_Icon_06004CC2","0x21000069","classic_contracts","RootContracts_Field",""
"0x06004CC2","client_portal.dat","Image","AC_UI_Icon_06004CC2","0x21000069","classic_contracts","RootContracts_Field/ContractsBox",""
"0x06004CC2","client_portal.dat","Image","AC_UI_Icon_06004CC2","0x2100006B","classic_floatyexamination","FormulaIcon_Template/FormulaIcon_Ghosted",""
"0x06004CC2","client_portal.dat","Image","AC_UI_Icon_06004CC2","0x2100006B","classic_floatyexamination","BasicCreatureAttributeInfo_Template",""
"0x06004CC2","client_portal.dat","Image","AC_UI_Icon_06004CC2","0x2100006B","classic_floatyexamination","RootFloatyExamination_Field/SpellExamineUI/SpellExamBackground",""
"0x06004CC2","client_portal.dat","Image","AC_UI_Icon_06004CC2","0x2100006B","classic_floatyexamination","RootFloatyExamination_Field/BasicCreatureExamineUI/BasicCreatureExamBackground",""
"0x06004CC2","client_portal.dat","Image","AC_UI_Icon_06004CC2","0x2100006B","classic_floatyexamination","RootFloatyExamination_Field/DisplayedNameText",""
"0x06004CC2","client_portal.dat","Image","AC_UI_Icon_06004CC2","0x2100006B","classic_floatyexamination","RootFloatyExamination_Field/ItemExamineUI",""
"0x06004CC2","client_portal.dat","Image","AC_UI_Icon_06004CC2","0x2100006B","classic_floatyexamination","RootFloatyExamination_Field/ItemExamineUI/ItemDisplayTextScrollbar_Reveal",""
"0x06004CC2","client_portal.dat","Image","AC_UI_Icon_06004CC2","0x2100006E","classic_floatypanel","RootFloatyPanel_Field",""
"0x06004CC2","client_portal.dat","Image","AC_UI_Icon_06004CC2","0x2100006F","classic_floatymainchat","RootFloatyMainChat_Field/ChatLogField",""
"0x06004CC3","client_portal.dat","Image","AC_UI_Icon_06004CC3","0x21000042","","Box_GoldBorder/top_left_corner",""
"0x06004CC3","client_portal.dat","Image","AC_UI_Icon_06004CC3","0x2100004C","","CGBox/UpLeftCorner",""
"0x06004CC4","client_portal.dat","Image","AC_UI_Icon_06004CC4","0x21000042","","Box_GoldBorder/top_right_corner",""
"0x06004CC4","client_portal.dat","Image","AC_UI_Icon_06004CC4","0x2100004C","","CGBox/UpRightCorner",""
"0x06004CC5","client_portal.dat","Image","AC_UI_Icon_06004CC5","0x21000042","","Box_GoldBorder/bottom_left_corner",""
"0x06004CC5","client_portal.dat","Image","AC_UI_Icon_06004CC5","0x2100004C","","CGBox/LowLeftCorner",""
"0x06004CC6","client_portal.dat","Image","AC_UI_Icon_06004CC6","0x21000042","","Box_GoldBorder/bottom_right_corner",""
"0x06004CC6","client_portal.dat","Image","AC_UI_Icon_06004CC6","0x2100004C","","CGBox/LowRightCorner",""
"0x06004CC7","client_portal.dat","Image","AC_UI_Icon_06004CC7","0x21000042","","Box_GoldBorder/bottom_edge",""
"0x06004CC7","client_portal.dat","Image","AC_UI_Icon_06004CC7","0x21000042","","Box_GoldBorder/top_edge",""
"0x06004CC7","client_portal.dat","Image","AC_UI_Icon_06004CC7","0x21000045","","StatManagement_Template/StatManagement_Divider_Top",""
"0x06004CC7","client_portal.dat","Image","AC_UI_Icon_06004CC7","0x21000045","","StatManagement_Template/StatManagement_Divider_Bottom",""
"0x06004CC7","client_portal.dat","Image","AC_UI_Icon_06004CC7","0x2100004C","","CGBox/Top",""
"0x06004CC7","client_portal.dat","Image","AC_UI_Icon_06004CC7","0x2100004C","","CGBox/Bottom",""
"0x06004CC8","client_portal.dat","Image","AC_UI_Icon_06004CC8","0x21000042","","GroupBox_ThinBorder/left_edge",""
"0x06004CC8","client_portal.dat","Image","AC_UI_Icon_06004CC8","0x21000042","","GroupBox_ThinBorder/right_edge",""
"0x06004CC8","client_portal.dat","Image","AC_UI_Icon_06004CC8","0x21000042","","GroupBox_ThinBorder/bottom_edge",""
"0x06004CC8","client_portal.dat","Image","AC_UI_Icon_06004CC8","0x21000042","","GroupBox_ThinBorder/top_edge",""
"0x06004CC8","client_portal.dat","Image","AC_UI_Icon_06004CC8","0x21000042","","Field_ThinBorder/left_edge",""
"0x06004CC8","client_portal.dat","Image","AC_UI_Icon_06004CC8","0x21000042","","Field_ThinBorder/right_edge",""
"0x06004CC8","client_portal.dat","Image","AC_UI_Icon_06004CC8","0x21000042","","Field_ThinBorder/bottom_edge",""
"0x06004CC8","client_portal.dat","Image","AC_UI_Icon_06004CC8","0x21000042","","Field_ThinBorder/top_edge",""
"0x06004CC9","client_portal.dat","Image","AC_UI_Icon_06004CC9","0x21000042","","Field_ThinGreenOutline/left_edge",""
"0x06004CC9","client_portal.dat","Image","AC_UI_Icon_06004CC9","0x21000042","","Field_ThinGreenOutline/right_edge",""
"0x06004CC9","client_portal.dat","Image","AC_UI_Icon_06004CC9","0x21000042","","Field_ThinGreenOutline/bottom_edge",""
"0x06004CC9","client_portal.dat","Image","AC_UI_Icon_06004CC9","0x21000042","","Field_ThinGreenOutline/top_edge",""
"0x06004CCA","client_portal.dat","Image","AC_UI_Icon_06004CCA","0x21000042","","GroupBox_ThinBorder",""
"0x06004CCA","client_portal.dat","Image","AC_UI_Icon_06004CCA","0x21000047","","ProfessionField/AttribBack",""
"0x06004CCA","client_portal.dat","Image","AC_UI_Icon_06004CCA","0x21000049","","AppearanceField/ChoiceBackground",""
"0x06004CCA","client_portal.dat","Image","AC_UI_Icon_06004CCA","0x2100005D","classic_friends","FriendsEntryTemplate",""
"0x06004CCA","client_portal.dat","Image","AC_UI_Icon_06004CCA","0x2100005E","classic_charactertitle","CharacterTitle_EntryTemplate",""
"0x06004CCA","client_portal.dat","Image","AC_UI_Icon_06004CCA","0x21000060","classic_squelch","SquelchEntryTemplate",""
"0x06004CCA","client_portal.dat","Image","AC_UI_Icon_06004CCA","0x21000066","classic_journal","RootJournal_Field/PageLabelEntryBox",""
"0x06004CCA","client_portal.dat","Image","AC_UI_Icon_06004CCA","0x21000066","classic_journal","RootJournal_Field/PageTitleEntryBox",""
"0x06004CCA","client_portal.dat","Image","AC_UI_Icon_06004CCA","0x21000066","classic_journal","RootJournal_Field/NotesEntryBox",""
"0x06004CCA","client_portal.dat","Image","AC_UI_Icon_06004CCA","0x21000066","classic_journal","RootJournal_Field/LocationText",""
"0x06004CCA","client_portal.dat","Image","AC_UI_Icon_06004CCA","0x21000066","classic_journal","RootJournal_Field/DaysEntryBox",""
"0x06004CCA","client_portal.dat","Image","AC_UI_Icon_06004CCA","0x21000066","classic_journal","RootJournal_Field/HoursEntryBox",""
"0x06004CCA","client_portal.dat","Image","AC_UI_Icon_06004CCA","0x21000066","classic_journal","RootJournal_Field/MinutesEntryBox",""
"0x06004CCA","client_portal.dat","Image","AC_UI_Icon_06004CCA","0x21000067","classic_pagelist","PageEntryTemplate",""
"0x06004CCA","client_portal.dat","Image","AC_UI_Icon_06004CCA","0x21000069","classic_contracts","ContractEntryTemplate",""
"0x06004CDA","client_portal.dat","Image","AC_UI_Icon_06004CDA","0x21000032","classic_spellbook","RootSpellbook_Field/FilterBox/DeleteSpell_Button",""
"0x06004CDB","client_portal.dat","Image","AC_UI_Icon_06004CDB","0x21000032","classic_spellbook","RootSpellbook_Field/FilterBox/DeleteSpell_Button",""
"0x06004CDC","client_portal.dat","Image","AC_UI_Icon_06004CDC","0x21000008","classic_externalcontainer","ScrollTemplate/ScrollBar_Down",""
"0x06004CDC","client_portal.dat","Image","AC_UI_Icon_06004CDC","0x21000008","classic_externalcontainer","ScrollTemplate/ScrollBar_Down",""
"0x06004CDD","client_portal.dat","Image","AC_UI_Icon_06004CDD","0x21000008","classic_externalcontainer","ScrollTemplate/ScrollBar_Down",""
"0x06004CDE","client_portal.dat","Image","AC_UI_Icon_06004CDE","0x21000008","classic_externalcontainer","ScrollTemplate/ScrollBar_Up",""
"0x06004CDE","client_portal.dat","Image","AC_UI_Icon_06004CDE","0x21000008","classic_externalcontainer","ScrollTemplate/ScrollBar_Up",""
"0x06004CDF","client_portal.dat","Image","AC_UI_Icon_06004CDF","0x21000008","classic_externalcontainer","ScrollTemplate/ScrollBar_Up",""
"0x06004CE4","client_portal.dat","Image","AC_UI_Icon_06004CE4","0x21000013","classic_statusbar","RootStatusBar_Field",""
"0x06004CE8","client_portal.dat","Image","AC_UI_Icon_06004CE8","0x21000015","classic_indicators","RootIndicators_Field/PortalStormIndicator/PressedOverlay",""
"0x06004CE8","client_portal.dat","Image","AC_UI_Icon_06004CE8","0x21000015","classic_indicators","RootIndicators_Field/MiniGameIndicator/PressedOverlay",""
"0x06004CE8","client_portal.dat","Image","AC_UI_Icon_06004CE8","0x21000015","classic_indicators","RootIndicators_Field/VitaeIndicator/PressedOverlay",""
"0x06004CE8","client_portal.dat","Image","AC_UI_Icon_06004CE8","0x21000015","classic_indicators","RootIndicators_Field/PositiveEffectsIndicator/PressedOverlay",""
"0x06004CE8","client_portal.dat","Image","AC_UI_Icon_06004CE8","0x21000015","classic_indicators","RootIndicators_Field/NegativeEffectsIndicator/PressedOverlay",""
"0x06004CE8","client_portal.dat","Image","AC_UI_Icon_06004CE8","0x21000015","classic_indicators","RootIndicators_Field/BurdenIndicator/PressedOverlay",""
"0x06004CE8","client_portal.dat","Image","AC_UI_Icon_06004CE8","0x21000015","classic_indicators","RootIndicators_Field/LinkStatusIndicator/PressedOverlay",""
"0x06004CE8","client_portal.dat","Image","AC_UI_Icon_06004CE8","0x21000071","classic_floatyindicators","RootFloatyIndicators_Field/MiniGameIndicator/PressedOverlay",""
"0x06004CE9","client_portal.dat","Image","AC_UI_Icon_06004CE9","0x21000015","classic_indicators","RootIndicators_Field/MiniGameIndicator",""
"0x06004CEA","client_portal.dat","Image","AC_UI_Icon_06004CEA","0x21000015","classic_indicators","RootIndicators_Field/PositiveEffectsIndicator",""
"0x06004CEB","client_portal.dat","Image","AC_UI_Icon_06004CEB","0x21000015","classic_indicators","RootIndicators_Field/NegativeEffectsIndicator",""
"0x06004CEC","client_portal.dat","Image","AC_UI_Icon_06004CEC","0x21000016","classic_toolbar","RootToolbar_Field/PeaceModeButton",""
"0x06004CED","client_portal.dat","Image","AC_UI_Icon_06004CED","0x21000016","classic_toolbar","RootToolbar_Field/PeaceModeButton",""
"0x06004CEE","client_portal.dat","Image","AC_UI_Icon_06004CEE","0x21000016","classic_toolbar","RootToolbar_Field/MeleeModeButton",""
"0x06004CEF","client_portal.dat","Image","AC_UI_Icon_06004CEF","0x21000016","classic_toolbar","RootToolbar_Field/MeleeModeButton",""
"0x06004CF0","client_portal.dat","Image","AC_UI_Icon_06004CF0","0x21000016","classic_toolbar","RootToolbar_Field/MissileModeButton",""
"0x06004CF1","client_portal.dat","Image","AC_UI_Icon_06004CF1","0x21000016","classic_toolbar","RootToolbar_Field/MissileModeButton",""
"0x06004CF2","client_portal.dat","Image","AC_UI_Icon_06004CF2","0x21000016","classic_toolbar","RootToolbar_Field/MagicModeButton",""
"0x06004CF3","client_portal.dat","Image","AC_UI_Icon_06004CF3","0x21000016","classic_toolbar","RootToolbar_Field/MagicModeButton",""
"0x06004CF4","client_portal.dat","Image","AC_UI_Icon_06004CF4","0x21000016","classic_toolbar","RootToolbar_Field/SelectedObjectField/SelectionBlinkField",""
"0x06004CF5","client_portal.dat","Image","AC_UI_Icon_06004CF5","0x21000016","classic_toolbar","RootToolbar_Field/SelectedObjectField/StackSizeEntryBox",""
"0x06004CF6","client_portal.dat","Image","AC_UI_Icon_06004CF6","0x21000016","classic_toolbar","RootToolbar_Field/SelectedObjectField/StackSizeSlider/4",""
"0x06004CF7","client_portal.dat","Image","AC_UI_Icon_06004CF7","0x21000016","classic_toolbar","RootToolbar_Field/InventoryButton",""
"0x06004CF8","client_portal.dat","Image","AC_UI_Icon_06004CF8","0x21000016","classic_toolbar","RootToolbar_Field/InventoryButton",""
"0x06004CF9","client_portal.dat","Image","AC_UI_Icon_06004CF9","0x21000017","classic_panel","RootPanel_Field/Radar",""
"0x06004CFA","client_portal.dat","Image","AC_UI_Icon_06004CFA","0x21000018","classic_abuse","RootAbuse_Field/TitleBackground",""
"0x06004CFA","client_portal.dat","Image","AC_UI_Icon_06004CFA","0x2100001A","classic_characterinfo","RootCharacterInfo_Field/TitleText",""
"0x06004CFA","client_portal.dat","Image","AC_UI_Icon_06004CFA","0x2100001B","classic_effects","EffectsFieldTemplate/Effects_TitleText",""
"0x06004CFA","client_portal.dat","Image","AC_UI_Icon_06004CFA","0x2100001C","classic_examination","RootExamination_Field/TitleBackground",""
"0x06004CFA","client_portal.dat","Image","AC_UI_Icon_06004CFA","0x2100001D","classic_linkstatus","RootLinkStatus_Field/TitleBackground",""
"0x06004CFA","client_portal.dat","Image","AC_UI_Icon_06004CFA","0x2100001E","classic_minigame","RootMiniGame_Field/MiniGame_TitleBackground",""
"0x06004CFA","client_portal.dat","Image","AC_UI_Icon_06004CFA","0x2100001F","classic_urgentassistance","RootUrgentAssistance_Field/TitleBackground",""
"0x06004CFA","client_portal.dat","Image","AC_UI_Icon_06004CFA","0x21000020","classic_vitae","RootVitae_Field/TitleBackground",""
"0x06004CFA","client_portal.dat","Image","AC_UI_Icon_06004CFA","0x21000023","classic_inventory","RootInventory_Field/InvTitleText",""
"0x06004CFB","client_portal.dat","Image","AC_UI_Icon_06004CFB","0x2100001C","classic_examination","RootExamination_Field/ItemExamineUI/ItemIcon",""
"0x06004CFC","client_portal.dat","Image","AC_UI_Icon_06004CFC","0x2100001C","classic_examination","RootExamination_Field/SpellExamineUI/SpellIcon",""
"0x06004CFC","client_portal.dat","Image","AC_UI_Icon_06004CFC","0x2100006B","classic_floatyexamination","RootFloatyExamination_Field/SpellExamineUI/SpellIcon",""
"0x06004D09","client_portal.dat","Image","AC_UI_Icon_06004D09","0x21000010","classic_spellcasting","RootSpellcasting_Field/BuiltInSpell/BuiltInSpell_Selected",""
"0x06004D09","client_portal.dat","Image","AC_UI_Icon_06004D09","0x2100001E","classic_minigame","MiniGame_Piece/MiniGame_Piece_Selected",""
"0x06004D09","client_portal.dat","Image","AC_UI_Icon_06004D09","0x21000037","ItemSlot","ItemSlot_GenericOverlays/ItemSlot_Icon_Selected",""
"0x06004D0A","client_portal.dat","Image","AC_UI_Icon_06004D0A","0x21000023","classic_inventory","RootInventory_Field/InvBackgroundImage",""
"0x06004D0B","client_portal.dat","Image","AC_UI_Icon_06004D0B","0x2100000A","classic_powerbar","RootPowerbar_Field/Powerbar",""
"0x06004D0B","client_portal.dat","Image","AC_UI_Icon_06004D0B","0x21000023","classic_inventory","RootInventory_Field/Blackness",""
"0x06004D0B","client_portal.dat","Image","AC_UI_Icon_06004D0B","0x2100002F","classic_allegiance","RootAllegiance_Field/VassalsListBox",""
"0x06004D0B","client_portal.dat","Image","AC_UI_Icon_06004D0B","0x21000030","classic_fellowship","RootFellowship_Field/FellowshipFrame/FellowsListBox",""
"0x06004D0B","client_portal.dat","Image","AC_UI_Icon_06004D0B","0x2100004C","","CGSkillTitlePanel/SkillPanelBack",""
"0x06004D0B","client_portal.dat","Image","AC_UI_Icon_06004D0B","0x2100004C","","CGSummaryTextTitlePanel",""
"0x06004D0B","client_portal.dat","Image","AC_UI_Icon_06004D0B","0x21000072","classic_floatypowerbar","RootFloatyPowerBar_Field/Powerbar",""
"0x06004D0C","client_portal.dat","Image","AC_UI_Icon_06004D0C","0x21000023","classic_inventory","RootInventory_Field/CloseInvPanelButton",""
"0x06004D0D","client_portal.dat","Image","AC_UI_Icon_06004D0D","0x21000023","classic_inventory","RootInventory_Field/CloseInvPanelButton",""
"0x06004D10","client_portal.dat","Image","AC_UI_Icon_06004D10","0x21000026","classic_map","RootMap_Field/Background/MapArea/Map/Map_PlayerPosition_Icon",""
"0x06004D11","client_portal.dat","Image","AC_UI_Icon_06004D11","0x21000026","classic_map","RootMap_Field/Background/MapArea/Map/Map_HousePosition_Icon",""
"0x06004D15","client_portal.dat","Image","AC_UI_Icon_06004D15","0x21000044","","SmallRound_TextOnLeft_CheckBox/image",""
"0x06004D15","client_portal.dat","Image","AC_UI_Icon_06004D15","0x21000044","","OptionCheckboxTemplate/image",""
"0x06004D15","client_portal.dat","Image","AC_UI_Icon_06004D15","0x21000044","","SmallRoundCheckBox/image",""
"0x06004D16","client_portal.dat","Image","AC_UI_Icon_06004D16","0x21000044","","SmallRound_TextOnLeft_CheckBox/image",""
"0x06004D16","client_portal.dat","Image","AC_UI_Icon_06004D16","0x21000044","","OptionCheckboxTemplate/image",""
"0x06004D16","client_portal.dat","Image","AC_UI_Icon_06004D16","0x21000044","","SmallRoundCheckBox/image",""
"0x06004D17","client_portal.dat","Image","AC_UI_Icon_06004D17","0x21000044","","SmallRound_TextOnLeft_CheckBox/image",""
"0x06004D17","client_portal.dat","Image","AC_UI_Icon_06004D17","0x21000044","","OptionCheckboxTemplate/image",""
"0x06004D17","client_portal.dat","Image","AC_UI_Icon_06004D17","0x21000044","","SmallRoundCheckBox/image",""
"0x06004D18","client_portal.dat","Image","AC_UI_Icon_06004D18","0x21000044","","SmallRound_TextOnLeft_CheckBox/image",""
"0x06004D18","client_portal.dat","Image","AC_UI_Icon_06004D18","0x21000044","","OptionCheckboxTemplate/image",""
"0x06004D18","client_portal.dat","Image","AC_UI_Icon_06004D18","0x21000044","","SmallRoundCheckBox/image",""
"0x06004D19","client_portal.dat","Image","AC_UI_Icon_06004D19","0x21000044","","SmallRound_TextOnLeft_CheckBox/image",""
"0x06004D19","client_portal.dat","Image","AC_UI_Icon_06004D19","0x21000044","","OptionCheckboxTemplate/image",""
"0x06004D19","client_portal.dat","Image","AC_UI_Icon_06004D19","0x21000044","","SmallRoundCheckBox/image",""
"0x06004D1C","client_portal.dat","Image","AC_UI_Icon_06004D1C","0x21000007","classic_combat","CombatBtnTemplate",""
"0x06004D1D","client_portal.dat","Image","AC_UI_Icon_06004D1D","0x21000007","classic_combat","CombatBtnTemplate",""
"0x06004D1E","client_portal.dat","Image","AC_UI_Icon_06004D1E","0x21000007","classic_combat","CombatBtnTemplate",""
"0x06004D1F","client_portal.dat","Image","AC_UI_Icon_06004D1F","0x21000007","classic_combat","CombatBtnTemplate",""
"0x06004D20","client_portal.dat","Image","AC_UI_Icon_06004D20","0x21000037","ItemSlot","ItemSlot_Generic/ItemSlot_Icon",""
"0x06004D21","client_portal.dat","Image","AC_UI_Icon_06004D21","0x21000037","ItemSlot","ItemSlot_Spell/ItemSlot_Icon_Selected",""
"0x06004D22","client_portal.dat","Image","AC_UI_Icon_06004D22","0x21000037","ItemSlot","ItemSlot_GenericOverlays/ItemSlot_Icon_CapacityBar",""
"0x06004D23","client_portal.dat","Image","AC_UI_Icon_06004D23","0x21000037","ItemSlot","ItemSlot_GenericOverlays/ItemSlot_Icon_CapacityBar/2",""
"0x06004D24","client_portal.dat","Image","AC_UI_Icon_06004D24","0x21000037","ItemSlot","ItemSlot_GenericOverlays/ItemSlot_Icon_StructureBar",""
"0x06004D25","client_portal.dat","Image","AC_UI_Icon_06004D25","0x21000037","ItemSlot","ItemSlot_GenericOverlays/ItemSlot_Icon_StructureBar/2",""
"0x06004D26","client_portal.dat","Image","AC_UI_Icon_06004D26","0x21000038","chargen_master","RootCharGenMaster/CGBackground",""
"0x06004D27","client_portal.dat","Image","AC_UI_Icon_06004D27","0x21000046","","HeritageField/HeritageBackImage",""
"0x06004D28","client_portal.dat","Image","AC_UI_Icon_06004D28","0x21000046","","HeritageField/HeritageBackImage",""
"0x06004D29","client_portal.dat","Image","AC_UI_Icon_06004D29","0x21000046","","HeritageField/HeritageBackImage",""
"0x06004D2A","client_portal.dat","Image","AC_UI_Icon_06004D2A","0x21000046","","HeritageField/HeritageBackImage",""
"0x06004D33","client_portal.dat","Image","AC_UI_Icon_06004D33","0x2100004C","","CGScrollbar",""
"0x06004D34","client_portal.dat","Image","AC_UI_Icon_06004D34","0x2100004C","","CGSlider/1",""
"0x06004D34","client_portal.dat","Image","AC_UI_Icon_06004D34","0x2100004C","","CGScrollbar/1",""
"0x06004D34","client_portal.dat","Image","AC_UI_Icon_06004D34","0x2100004C","","CGScrollbar/1",""
"0x06004D34","client_portal.dat","Image","AC_UI_Icon_06004D34","0x2100004C","","CGScrollbar/1",""
"0x06004D35","client_portal.dat","Image","AC_UI_Icon_06004D35","0x2100004C","","CGScrollbar/ScrollBar_Down",""
"0x06004D35","client_portal.dat","Image","AC_UI_Icon_06004D35","0x2100004C","","CGScrollbar/ScrollBar_Down",""
"0x06004D35","client_portal.dat","Image","AC_UI_Icon_06004D35","0x2100004C","","CGScrollbar/ScrollBar_Down",""
"0x06004D36","client_portal.dat","Image","AC_UI_Icon_06004D36","0x2100004C","","CGScrollbar/ScrollBar_Up",""
"0x06004D36","client_portal.dat","Image","AC_UI_Icon_06004D36","0x2100004C","","CGScrollbar/ScrollBar_Up",""
"0x06004D36","client_portal.dat","Image","AC_UI_Icon_06004D36","0x2100004C","","CGScrollbar/ScrollBar_Up",""
"0x06004D37","client_portal.dat","Image","AC_UI_Icon_06004D37","0x2100004C","","CGSkillButton/ButtonImage",""
"0x06004D38","client_portal.dat","Image","AC_UI_Icon_06004D38","0x2100004C","","CGSkillButton/ButtonImage",""
"0x06004D39","client_portal.dat","Image","AC_UI_Icon_06004D39","0x2100004C","","CGSlider/4",""
"0x06004D3A","client_portal.dat","Image","AC_UI_Icon_06004D3A","0x2100004C","","CGSlider/4",""
"0x06004D3B","client_portal.dat","Image","AC_UI_Icon_06004D3B","0x2100004C","","CGAttribSlider/Locker",""
"0x06004D3C","client_portal.dat","Image","AC_UI_Icon_06004D3C","0x2100004C","","CGAttribSlider/Locker",""
"0x06004D3D","client_portal.dat","Image","AC_UI_Icon_06004D3D","0x2100004C","","CGSkillPanel/SkillWidget",""
"0x06004D3E","client_portal.dat","Image","AC_UI_Icon_06004D3E","0x2100004C","","CGSkillPanel/SkillDownArrow",""
"0x06004D3F","client_portal.dat","Image","AC_UI_Icon_06004D3F","0x2100004C","","CGSkillPanel/SkillDownArrow",""
"0x06004D40","client_portal.dat","Image","AC_UI_Icon_06004D40","0x2100004C","","CGFemaleButton",""
"0x06004D41","client_portal.dat","Image","AC_UI_Icon_06004D41","0x2100004C","","CGFemaleButton",""
"0x06004D42","client_portal.dat","Image","AC_UI_Icon_06004D42","0x2100004C","","CGMaleButton",""
"0x06004D43","client_portal.dat","Image","AC_UI_Icon_06004D43","0x2100004C","","CGMaleButton",""
"0x06004D44","client_portal.dat","Image","AC_UI_Icon_06004D44","0x2100004C","","CGColorPicker/Circle",""
"0x06004D45","client_portal.dat","Image","AC_UI_Icon_06004D45","0x2100004C","","CGColorPicker/Disk",""
"0x06004D46","client_portal.dat","Image","AC_UI_Icon_06004D46","0x2100004C","","CGColorPicker/ColorSpot5",""
"0x06004D46","client_portal.dat","Image","AC_UI_Icon_06004D46","0x2100004C","","CGColorPicker/ColorSpot6",""
"0x06004D46","client_portal.dat","Image","AC_UI_Icon_06004D46","0x2100004C","","CGColorPicker/ColorSpot7",""
"0x06004D46","client_portal.dat","Image","AC_UI_Icon_06004D46","0x2100004C","","CGColorPicker/ColorSpot8",""
"0x06004D46","client_portal.dat","Image","AC_UI_Icon_06004D46","0x2100004C","","CGColorPicker/ColorSpot9",""
"0x06004D46","client_portal.dat","Image","AC_UI_Icon_06004D46","0x2100004C","","CGColorPicker/ColorSpot1",""
"0x06004D46","client_portal.dat","Image","AC_UI_Icon_06004D46","0x2100004C","","CGColorPicker/ColorSpot2",""
"0x06004D46","client_portal.dat","Image","AC_UI_Icon_06004D46","0x2100004C","","CGColorPicker/ColorSpot3",""
"0x06004D46","client_portal.dat","Image","AC_UI_Icon_06004D46","0x2100004C","","CGColorPicker/ColorSpot4",""
"0x06004D47","client_portal.dat","Image","AC_UI_Icon_06004D47","0x2100004C","","CGColorPicker/ColorArrow1",""
"0x06004D48","client_portal.dat","Image","AC_UI_Icon_06004D48","0x2100004C","","CGColorPicker/ColorArrow2",""
"0x06004D49","client_portal.dat","Image","AC_UI_Icon_06004D49","0x2100004C","","CGColorPicker/ColorArrow3",""
"0x06004D4A","client_portal.dat","Image","AC_UI_Icon_06004D4A","0x2100004C","","CGColorPicker/ColorArrow4",""
"0x06004D4B","client_portal.dat","Image","AC_UI_Icon_06004D4B","0x2100004C","","CGColorPicker/ColorArrow5",""
"0x06004D4C","client_portal.dat","Image","AC_UI_Icon_06004D4C","0x2100004C","","CGColorPicker/ColorArrow6",""
"0x06004D4D","client_portal.dat","Image","AC_UI_Icon_06004D4D","0x2100004C","","CGColorPicker/ColorArrow7",""
"0x06004D4E","client_portal.dat","Image","AC_UI_Icon_06004D4E","0x2100004C","","CGColorPicker/ColorArrow8",""
"0x06004D4F","client_portal.dat","Image","AC_UI_Icon_06004D4F","0x2100004C","","CGColorPicker/ColorArrow9",""
"0x06004D50","client_portal.dat","Image","AC_UI_Icon_06004D50","0x2100004C","","CGColorPicker/GradientScroll/1",""
"0x06004D51","client_portal.dat","Image","AC_UI_Icon_06004D51","0x2100004C","","CG3DController/RotateClockwise",""
"0x06004D51","client_portal.dat","Image","AC_UI_Icon_06004D51","0x21000068","classic_barber","RootBarber_Field/BarberRotateClockwise",""
"0x06004D52","client_portal.dat","Image","AC_UI_Icon_06004D52","0x2100004C","","CG3DController/RotateClockwise",""
"0x06004D52","client_portal.dat","Image","AC_UI_Icon_06004D52","0x21000068","classic_barber","RootBarber_Field/BarberRotateClockwise",""
"0x06004D53","client_portal.dat","Image","AC_UI_Icon_06004D53","0x2100004C","","CG3DController/RotateCounterClockwise",""
"0x06004D53","client_portal.dat","Image","AC_UI_Icon_06004D53","0x21000068","classic_barber","RootBarber_Field/BarberRotateCounterClockwise",""
"0x06004D54","client_portal.dat","Image","AC_UI_Icon_06004D54","0x2100004C","","CG3DController/RotateCounterClockwise",""
"0x06004D54","client_portal.dat","Image","AC_UI_Icon_06004D54","0x21000068","classic_barber","RootBarber_Field/BarberRotateCounterClockwise",""
"0x06004D55","client_portal.dat","Image","AC_UI_Icon_06004D55","0x2100004C","","CG3DController/ZoomIn",""
"0x06004D56","client_portal.dat","Image","AC_UI_Icon_06004D56","0x2100004C","","CG3DController/ZoomIn",""
"0x06004D56","client_portal.dat","Image","AC_UI_Icon_06004D56","0x2100004C","","CG3DController/ZoomIn",""
"0x06004D57","client_portal.dat","Image","AC_UI_Icon_06004D57","0x2100004C","","CG3DController/ZoomOut",""
"0x06004D58","client_portal.dat","Image","AC_UI_Icon_06004D58","0x2100004C","","CG3DController/ZoomOut",""
"0x06004D58","client_portal.dat","Image","AC_UI_Icon_06004D58","0x2100004C","","CG3DController/ZoomOut",""
"0x06004D59","client_portal.dat","Image","AC_UI_Icon_06004D59","0x21000047","","ProfessionField/ProfessionBackImage",""
"0x06004D5A","client_portal.dat","Image","AC_UI_Icon_06004D5A","0x21000047","","ProfessionField/ProfessionBackImage",""
"0x06004D5B","client_portal.dat","Image","AC_UI_Icon_06004D5B","0x21000047","","ProfessionField/ProfessionBackImage",""
"0x06004D5C","client_portal.dat","Image","AC_UI_Icon_06004D5C","0x21000047","","ProfessionField/ProfessionBackImage",""
"0x06004D5D","client_portal.dat","Image","AC_UI_Icon_06004D5D","0x21000047","","ProfessionField/ProfessionBackImage",""
"0x06004D5E","client_portal.dat","Image","AC_UI_Icon_06004D5E","0x21000047","","ProfessionField/ProfessionBackImage",""
"0x06004D5F","client_portal.dat","Image","AC_UI_Icon_06004D5F","0x2100004A","","TownField/MapBox/Map",""
"0x06004D60","client_portal.dat","Image","AC_UI_Icon_06004D60","0x2100004A","","TownField/MapBox/Sanamar/TownWidget",""
"0x06004D60","client_portal.dat","Image","AC_UI_Icon_06004D60","0x2100004A","","TownField/MapBox/Holtburg/TownWidget",""
"0x06004D60","client_portal.dat","Image","AC_UI_Icon_06004D60","0x2100004A","","TownField/MapBox/Yaraq/TownWidget",""
"0x06004D60","client_portal.dat","Image","AC_UI_Icon_06004D60","0x2100004A","","TownField/MapBox/Shoushi/TownWidget",""
"0x06004D61","client_portal.dat","Image","AC_UI_Icon_06004D61","0x2100004A","","TownField/MapBox/Sanamar/TownWidget",""
"0x06004D61","client_portal.dat","Image","AC_UI_Icon_06004D61","0x2100004A","","TownField/MapBox/Holtburg/TownWidget",""
"0x06004D61","client_portal.dat","Image","AC_UI_Icon_06004D61","0x2100004A","","TownField/MapBox/Yaraq/TownWidget",""
"0x06004D61","client_portal.dat","Image","AC_UI_Icon_06004D61","0x2100004A","","TownField/MapBox/Shoushi/TownWidget",""
"0x06004D64","client_portal.dat","Image","AC_UI_Icon_06004D64","0x21000004","charactermanagement","CharacterManagementField/WorldName",""
"0x06004D65","client_portal.dat","Image","AC_UI_Icon_06004D65","0x21000006","classic_chat","RootChat_Field/ChatEntryField/ChatTarget",""
"0x06004D65","client_portal.dat","Image","AC_UI_Icon_06004D65","0x2100006F","classic_floatymainchat","RootFloatyMainChat_Field/ChatEntryField/ChatTarget",""
"0x06004D66","client_portal.dat","Image","AC_UI_Icon_06004D66","0x21000006","classic_chat","RootChat_Field/ChatEntryField/ChatTarget",""
"0x06004D66","client_portal.dat","Image","AC_UI_Icon_06004D66","0x2100006F","classic_floatymainchat","RootFloatyMainChat_Field/ChatEntryField/ChatTarget",""
"0x06004D67","client_portal.dat","Image","AC_UI_Icon_06004D67","0x21000006","classic_chat","RootChat_Field/ChatEntryField/ChatPanelTextEntry/ChatLog_LeftEndCap",""
"0x06004D67","client_portal.dat","Image","AC_UI_Icon_06004D67","0x21000006","classic_chat","RootChat_Field/ChatEntryField/ChatPanelTextEntry/ChatLog_RightEndCap",""
"0x06004D67","client_portal.dat","Image","AC_UI_Icon_06004D67","0x2100006F","classic_floatymainchat","RootFloatyMainChat_Field/ChatEntryField/ChatPanelTextEntry/ChatLog_LeftEndCap",""
"0x06004D67","client_portal.dat","Image","AC_UI_Icon_06004D67","0x2100006F","classic_floatymainchat","RootFloatyMainChat_Field/ChatEntryField/ChatPanelTextEntry/ChatLog_RightEndCap",""
"0x06005D39","client_portal.dat","Image","AC_UI_Icon_06005D39","0x21000042","","DialogBox/top_left_corner",""
"0x06005D3A","client_portal.dat","Image","AC_UI_Icon_06005D3A","0x21000042","","DialogBox/top_right_corner",""
"0x06005D3B","client_portal.dat","Image","AC_UI_Icon_06005D3B","0x21000042","","DialogBox/bottom_left_corner",""
"0x06005D3C","client_portal.dat","Image","AC_UI_Icon_06005D3C","0x21000042","","DialogBox/bottom_right_corner",""
"0x06005D3D","client_portal.dat","Image","AC_UI_Icon_06005D3D","0x21000042","","DialogBox/bottom_edge",""
"0x06005D3D","client_portal.dat","Image","AC_UI_Icon_06005D3D","0x21000042","","DialogBox/top_edge",""
"0x06005D3E","client_portal.dat","Image","AC_UI_Icon_06005D3E","0x21000042","","DialogBox/left_edge",""
"0x06005D3E","client_portal.dat","Image","AC_UI_Icon_06005D3E","0x21000042","","DialogBox/right_edge",""
"0x06005D3F","client_portal.dat","Image","AC_UI_Icon_06005D3F","0x21000002","disconnected","DisconnectedField",""
"0x06005D92","client_portal.dat","Image","AC_UI_Icon_06005D92","0x2100004D","","Tab_Blue/left",""
"0x06005D92","client_portal.dat","Image","AC_UI_Icon_06005D92","0x2100004D","","PanelTabTemplate/LeftEnd",""
"0x06005D93","client_portal.dat","Image","AC_UI_Icon_06005D93","0x2100004D","","Tab_Blue/left",""
"0x06005D93","client_portal.dat","Image","AC_UI_Icon_06005D93","0x2100004D","","PanelTabTemplate/LeftEnd",""
"0x06005D94","client_portal.dat","Image","AC_UI_Icon_06005D94","0x2100004D","","Tab_Blue/middle",""
"0x06005D94","client_portal.dat","Image","AC_UI_Icon_06005D94","0x2100004D","","PanelTabTemplate/middle",""
"0x06005D95","client_portal.dat","Image","AC_UI_Icon_06005D95","0x2100004D","","Tab_Blue/middle",""
"0x06005D95","client_portal.dat","Image","AC_UI_Icon_06005D95","0x2100004D","","PanelTabTemplate/middle",""
"0x06005D96","client_portal.dat","Image","AC_UI_Icon_06005D96","0x2100004D","","Tab_Blue/right",""
"0x06005D96","client_portal.dat","Image","AC_UI_Icon_06005D96","0x2100004D","","PanelTabTemplate/RightEnd",""
"0x06005D97","client_portal.dat","Image","AC_UI_Icon_06005D97","0x2100004D","","Tab_Blue/right",""
"0x06005D97","client_portal.dat","Image","AC_UI_Icon_06005D97","0x2100004D","","PanelTabTemplate/RightEnd",""
"0x06005D9C","client_portal.dat","Image","AC_UI_Icon_06005D9C","0x21000037","ItemSlot","ItemSlot_Backpack/ItemSlot_Icon_OpenContainer",""
"0x06005DA3","client_portal.dat","Image","AC_UI_Icon_06005DA3","0x2100004C","","CG3DController/ZoomIn",""
"0x06005DA4","client_portal.dat","Image","AC_UI_Icon_06005DA4","0x2100004C","","CG3DController/ZoomOut",""
"0x06005DA7","client_portal.dat","Image","AC_UI_Icon_06005DA7","0x2100004C","","CG3DController/RotateClockwise",""
"0x06005DA7","client_portal.dat","Image","AC_UI_Icon_06005DA7","0x2100004C","","CG3DController/RotateClockwise",""
"0x06005DA7","client_portal.dat","Image","AC_UI_Icon_06005DA7","0x21000068","classic_barber","RootBarber_Field/BarberRotateClockwise",""
"0x06005DA7","client_portal.dat","Image","AC_UI_Icon_06005DA7","0x21000068","classic_barber","RootBarber_Field/BarberRotateClockwise",""
"0x06005DA8","client_portal.dat","Image","AC_UI_Icon_06005DA8","0x2100004C","","CG3DController/RotateCounterClockwise",""
"0x06005DA8","client_portal.dat","Image","AC_UI_Icon_06005DA8","0x2100004C","","CG3DController/RotateCounterClockwise",""
"0x06005DA8","client_portal.dat","Image","AC_UI_Icon_06005DA8","0x21000068","classic_barber","RootBarber_Field/BarberRotateCounterClockwise",""
"0x06005DA8","client_portal.dat","Image","AC_UI_Icon_06005DA8","0x21000068","classic_barber","RootBarber_Field/BarberRotateCounterClockwise",""
"0x06005DC3","client_portal.dat","Image","AC_UI_Icon_06005DC3","0x21000016","classic_toolbar","RootToolbar_Field/SelectedObjectField/StackSizeSlider/1",""
"0x06005DC6","client_portal.dat","Image","AC_UI_Icon_06005DC6","0x21000042","","TextInputBox/TextInputLeft",""
"0x06005DC7","client_portal.dat","Image","AC_UI_Icon_06005DC7","0x21000042","","TextInputBox/TextInputMiddle",""
"0x06005DC8","client_portal.dat","Image","AC_UI_Icon_06005DC8","0x21000042","","TextInputBox/TextInputRight",""
"0x06005DDB","client_portal.dat","Image","AC_UI_Icon_06005DDB","0x21000042","","DialogBox",""
"0x06005E21","client_portal.dat","Image","AC_UI_Icon_06005E21","0x21000033","classic_spellcomponent","ComponentEntryTemplate",""
"0x06005E22","client_portal.dat","Image","AC_UI_Icon_06005E22","0x21000033","classic_spellcomponent","ComponentEntryTemplate",""
"0x06005E64","client_portal.dat","Image","AC_UI_Icon_06005E64","0x21000006","classic_chat","RootChat_Field/MaximizeButton",""
"0x06005E64","client_portal.dat","Image","AC_UI_Icon_06005E64","0x2100006F","classic_floatymainchat","RootFloatyMainChat_Field/MaximizeButton",""
"0x06005E65","client_portal.dat","Image","AC_UI_Icon_06005E65","0x21000006","classic_chat","RootChat_Field/MaximizeButton",""
"0x06005E65","client_portal.dat","Image","AC_UI_Icon_06005E65","0x2100006F","classic_floatymainchat","RootFloatyMainChat_Field/MaximizeButton",""
"0x06005E66","client_portal.dat","Cursor","AC_UI_Cursor_06005E66","0x21000006","classic_chat","RootChat_Field/TopBorder","hotspot=(16,16)"
"0x06005E66","client_portal.dat","Cursor","AC_UI_Cursor_06005E66","0x2100000F","classic_smartbox","RootSmartBox_Field/SmartBoxTopBorder","hotspot=(16,16)"
"0x06005E66","client_portal.dat","Cursor","AC_UI_Cursor_06005E66","0x2100000F","classic_smartbox","RootSmartBox_Field/SmartBoxBottomBorder","hotspot=(16,16)"
"0x06005E66","client_portal.dat","Cursor","AC_UI_Cursor_06005E66","0x21000058","classic_admin","RootAdmin_Field/BottomBorder","hotspot=(16,16)"
"0x06005E66","client_portal.dat","Cursor","AC_UI_Cursor_06005E66","0x2100005B","","RootFloatyChat_Field/TopBorder","hotspot=(16,16)"
"0x06005E66","client_portal.dat","Cursor","AC_UI_Cursor_06005E66","0x2100005B","","RootFloatyChat_Field/BottomBorder","hotspot=(16,16)"
"0x06005E66","client_portal.dat","Cursor","AC_UI_Cursor_06005E66","0x2100006B","classic_floatyexamination","RootFloatyExamination_Field/ExaminationBottomBorder","hotspot=(16,16)"
"0x06005E66","client_portal.dat","Cursor","AC_UI_Cursor_06005E66","0x2100006E","classic_floatypanel","RootFloatyPanel_Field/PanelTopLeftCorner","hotspot=(16,16)"
"0x06005E66","client_portal.dat","Cursor","AC_UI_Cursor_06005E66","0x2100006E","classic_floatypanel","RootFloatyPanel_Field/PanelTopRightCorner","hotspot=(16,16)"
"0x06005E66","client_portal.dat","Cursor","AC_UI_Cursor_06005E66","0x2100006E","classic_floatypanel","RootFloatyPanel_Field/PanelBottomLeftCorner","hotspot=(16,16)"
"0x06005E66","client_portal.dat","Cursor","AC_UI_Cursor_06005E66","0x2100006E","classic_floatypanel","RootFloatyPanel_Field/PanelBottomBorder","hotspot=(16,16)"
"0x06005E66","client_portal.dat","Cursor","AC_UI_Cursor_06005E66","0x2100006E","classic_floatypanel","RootFloatyPanel_Field/PanelBottomRightCorner","hotspot=(16,16)"
"0x06005E66","client_portal.dat","Cursor","AC_UI_Cursor_06005E66","0x2100006F","classic_floatymainchat","RootFloatyMainChat_Field/MainChatBottomBorder","hotspot=(16,16)"
"0x06005E66","client_portal.dat","Cursor","AC_UI_Cursor_06005E66","0x21000070","classic_floatytoolbar","RootFloatyToolbar_Field/ToolbarBottomLeftCorner","hotspot=(16,16)"
"0x06005E66","client_portal.dat","Cursor","AC_UI_Cursor_06005E66","0x21000070","classic_floatytoolbar","RootFloatyToolbar_Field/ToolbarBottomBorder","hotspot=(16,16)"
"0x06005E66","client_portal.dat","Cursor","AC_UI_Cursor_06005E66","0x21000070","classic_floatytoolbar","RootFloatyToolbar_Field/ToolbarBottomRightCorner","hotspot=(16,16)"
"0x06005E66","client_portal.dat","Cursor","AC_UI_Cursor_06005E66","0x21000073","classic_floatycombatpanel","RootFloatyCombatPanel_Field/CombatPanelBottomBorder","hotspot=(16,16)"
"0x06005E92","client_portal.dat","Image","AC_UI_Icon_06005E92","0x21000043","","MenuDialog_Menu/MenuDialog_SelectionDisplay",""
"0x06005EA7","client_portal.dat","Image","AC_UI_Icon_06005EA7","0x21000042","","CharacterSlotBox/CharSlot_Top",""
"0x06005EA7","client_portal.dat","Image","AC_UI_Icon_06005EA7","0x21000042","","CharacterSlotBox/CharSlot_Top",""
"0x06005EA9","client_portal.dat","Image","AC_UI_Icon_06005EA9","0x21000042","","CharacterSlotBox/CharSlot_Middle",""
"0x06005EA9","client_portal.dat","Image","AC_UI_Icon_06005EA9","0x21000042","","CharacterSlotBox/CharSlot_Middle",""
"0x06005EAB","client_portal.dat","Image","AC_UI_Icon_06005EAB","0x21000042","","CharacterSlotBox/CharSlot_Bottom",""
"0x06005EAB","client_portal.dat","Image","AC_UI_Icon_06005EAB","0x21000042","","CharacterSlotBox/CharSlot_Bottom",""
"0x06005EAD","client_portal.dat","Image","AC_UI_Icon_06005EAD","0x21000043","","MenuDialog_PopupField/MenuDialog_PopupTopBorder",""
"0x06005EAD","client_portal.dat","Image","AC_UI_Icon_06005EAD","0x21000043","","MenuDialog_PopupField/MenuDialog_PopupBottomBorder",""
"0x06005EAE","client_portal.dat","Image","AC_UI_Icon_06005EAE","0x21000043","","MenuDialog_PopupItem/left",""
"0x06005EAE","client_portal.dat","Image","AC_UI_Icon_06005EAE","0x21000043","","MenuDialog_PopupItem/right",""
"0x06005EAF","client_portal.dat","Image","AC_UI_Icon_06005EAF","0x21000043","","MenuDialog_PopupItem/middle",""
"0x06005EB4","client_portal.dat","Image","AC_UI_Icon_06005EB4","0x21000042","","CharacterSlotBox/CharSlot_Top",""
"0x06005EB4","client_portal.dat","Image","AC_UI_Icon_06005EB4","0x21000042","","CharacterSlotBox/CharSlot_Top",""
"0x06005EB5","client_portal.dat","Image","AC_UI_Icon_06005EB5","0x21000042","","CharacterSlotBox/CharSlot_Middle",""
"0x06005EB5","client_portal.dat","Image","AC_UI_Icon_06005EB5","0x21000042","","CharacterSlotBox/CharSlot_Middle",""
"0x06005EB6","client_portal.dat","Image","AC_UI_Icon_06005EB6","0x21000042","","CharacterSlotBox/CharSlot_Bottom",""
"0x06005EB6","client_portal.dat","Image","AC_UI_Icon_06005EB6","0x21000042","","CharacterSlotBox/CharSlot_Bottom",""
"0x06005EB8","client_portal.dat","Image","AC_UI_Icon_06005EB8","0x21000010","classic_spellcasting","GenericSpellcastTab",""
"0x06005EB9","client_portal.dat","Image","AC_UI_Icon_06005EB9","0x21000010","classic_spellcasting","GenericSpellcastTab",""
"0x06005F0E","client_portal.dat","Image","AC_UI_Icon_06005F0E","0x21000040","","button_ChatLogNewNonVisibleTextIndicator",""
"0x06005F0E","client_portal.dat","Image","AC_UI_Icon_06005F0E","0x21000040","","button_ChatLogNewNonVisibleTextIndicator",""
"0x06005F0E","client_portal.dat","Image","AC_UI_Icon_06005F0E","0x21000040","","button_ChatLogNewNonVisibleTextIndicator",""
"0x06005F0E","client_portal.dat","Image","AC_UI_Icon_06005F0E","0x21000040","","button_ChatLogNewNonVisibleTextIndicator",""
"0x06005F0F","client_portal.dat","Image","AC_UI_Icon_06005F0F","0x21000040","","button_ChatLogNewNonVisibleTextIndicator",""
"0x06005F0F","client_portal.dat","Image","AC_UI_Icon_06005F0F","0x21000040","","button_ChatLogNewNonVisibleTextIndicator",""
"0x06005F0F","client_portal.dat","Image","AC_UI_Icon_06005F0F","0x21000040","","button_ChatLogNewNonVisibleTextIndicator",""
"0x06005F10","client_portal.dat","Image","AC_UI_Icon_06005F10","0x21000012","classic_vendor","RootVendor_Field/TabBackground",""
"0x06005F11","client_portal.dat","Image","AC_UI_Icon_06005F11","0x21000012","classic_vendor","GenericShopTab",""
"0x06005F12","client_portal.dat","Image","AC_UI_Icon_06005F12","0x21000012","classic_vendor","GenericShopTab",""
"0x06005F13","client_portal.dat","Image","AC_UI_Icon_06005F13","0x21000040","","Button_ArrowRight",""
"0x06005F3C","client_portal.dat","Image","AC_UI_Icon_06005F3C","0x21000014","classic_vitals","RootVitals_Field/HealthMeter/meter_background/detail",""
"0x06005F3D","client_portal.dat","Image","AC_UI_Icon_06005F3D","0x21000014","classic_vitals","RootVitals_Field/HealthMeter/2/detail",""
"0x06005F3E","client_portal.dat","Image","AC_UI_Icon_06005F3E","0x21000014","classic_vitals","RootVitals_Field/StaminaMeter/meter_background/detail",""
"0x06005F3F","client_portal.dat","Image","AC_UI_Icon_06005F3F","0x21000014","classic_vitals","RootVitals_Field/StaminaMeter/2/detail",""
"0x06005F40","client_portal.dat","Image","AC_UI_Icon_06005F40","0x21000014","classic_vitals","RootVitals_Field/ManaMeter/meter_background/detail",""
"0x06005F41","client_portal.dat","Image","AC_UI_Icon_06005F41","0x21000014","classic_vitals","RootVitals_Field/ManaMeter/2/detail",""
"0x0600604C","client_portal.dat","Image","AC_UI_Icon_0600604C","0x21000059","","AdminQualitiesListBoxHeaderTemplate",""
"0x06006058","client_portal.dat","Image","AC_UI_Icon_06006058","0x21000059","","AdminQualitiesListBoxSkillEntryTemplate/InitLevelValue",""
"0x06006058","client_portal.dat","Image","AC_UI_Icon_06006058","0x21000059","","AdminQualitiesListBoxAttributeEntryTemplate/InitLevel",""
"0x06006058","client_portal.dat","Image","AC_UI_Icon_06006058","0x21000059","","AdminQualitiesListBoxEditEntryTemplate/EntryValue",""
"0x06006067","client_portal.dat","Image","AC_UI_Icon_06006067","0x21000059","","AdminQualitiesListBoxSkillEntryTemplate",""
"0x06006067","client_portal.dat","Image","AC_UI_Icon_06006067","0x21000059","","AdminQualitiesListBoxAttributeEntryTemplate",""
"0x06006067","client_portal.dat","Image","AC_UI_Icon_06006067","0x21000059","","AdminQualitiesListBoxMultilineEditEntryTemplate",""
"0x06006067","client_portal.dat","Image","AC_UI_Icon_06006067","0x21000059","","AdminQualitiesListBoxNewEntryTemplate",""
"0x06006067","client_portal.dat","Image","AC_UI_Icon_06006067","0x21000059","","AdminQualitiesListBoxValuelessEntryTemplate",""
"0x06006067","client_portal.dat","Image","AC_UI_Icon_06006067","0x21000059","","AdminQualitiesListBoxBodyPartEntryTemplate",""
"0x06006067","client_portal.dat","Image","AC_UI_Icon_06006067","0x21000059","","AdminQualitiesListBoxReadOnlyEntryTemplate",""
"0x06006067","client_portal.dat","Image","AC_UI_Icon_06006067","0x21000059","","AdminQualitiesListBoxEditEntryTemplate",""
"0x06006067","client_portal.dat","Image","AC_UI_Icon_06006067","0x21000059","","AdminQualitiesListBoxMenuEntryTemplate",""
"0x06006067","client_portal.dat","Image","AC_UI_Icon_06006067","0x21000059","","AdminQualitiesListBoxPositionEntryTemplate",""
"0x06006068","client_portal.dat","Image","AC_UI_Icon_06006068","0x21000059","","AdminQualitiesListBoxAttributeEntryTemplate/TotalLevel",""
"0x06006068","client_portal.dat","Image","AC_UI_Icon_06006068","0x21000059","","AdminQualitiesListBoxNewEntryTemplate/EntryValue",""
"0x06006068","client_portal.dat","Image","AC_UI_Icon_06006068","0x21000059","","AdminQualitiesListBoxReadOnlyEntryTemplate/EntryValue",""
"0x06006069","client_portal.dat","Image","AC_UI_Icon_06006069","0x21000043","","Menu_AdminUI/Menu_AdminUI_SelectionDisplay",""
"0x0600606A","client_portal.dat","Image","AC_UI_Icon_0600606A","0x21000043","","Menu_AdminUI_PopupField/Menu_AdminUI_PopupTopBorder",""
"0x0600606A","client_portal.dat","Image","AC_UI_Icon_0600606A","0x21000043","","Menu_AdminUI_PopupField/Menu_AdminUI_PopupBottomBorder",""
"0x0600606A","client_portal.dat","Image","AC_UI_Icon_0600606A","0x21000043","","Menu_AdminUI_PopupField/Menu_AdminUI_PopupLeftBorder",""
"0x0600606A","client_portal.dat","Image","AC_UI_Icon_0600606A","0x21000043","","Menu_AdminUI_PopupField/Menu_AdminUI_PopupRightBorder",""
"0x0600606C","client_portal.dat","Image","AC_UI_Icon_0600606C","0x21000043","","Menu_AdminUI_PopupItem",""
"0x0600606C","client_portal.dat","Image","AC_UI_Icon_0600606C","0x21000043","","Menu_AdminUI_PopupItem",""
"0x0600606D","client_portal.dat","Image","AC_UI_Icon_0600606D","0x21000043","","Menu_AdminUI_PopupItem",""
"0x0600606D","client_portal.dat","Image","AC_UI_Icon_0600606D","0x21000043","","Menu_AdminUI_PopupItem",""
"0x06006071","client_portal.dat","Image","AC_UI_Icon_06006071","0x21000059","","AdminQualitiesListBoxReadOnlyEntryTemplate/EntryName",""
"0x06006071","client_portal.dat","Image","AC_UI_Icon_06006071","0x21000059","","AdminQualitiesListBoxEditEntryTemplate/EntryName",""
"0x06006071","client_portal.dat","Image","AC_UI_Icon_06006071","0x21000059","","AdminQualitiesListBoxMenuEntryTemplate/EntryName",""
"0x06006072","client_portal.dat","Image","AC_UI_Icon_06006072","0x21000059","","AdminQualitiesListBoxAttributeEntryTemplate/EntryName",""
"0x06006073","client_portal.dat","Image","AC_UI_Icon_06006073","0x21000059","","AdminQualitiesListBoxSkillEntryTemplate/EntryName",""
"0x06006073","client_portal.dat","Image","AC_UI_Icon_06006073","0x21000059","","AdminQualitiesListBoxValuelessEntryTemplate/EntryName",""
"0x060060F6","client_portal.dat","Image","AC_UI_Icon_060060F6","0x21000058","classic_admin","RootAdmin_Field/BottomBorder",""
"0x060060F7","client_portal.dat","Image","AC_UI_Icon_060060F7","0x21000058","classic_admin","RootAdmin_Field/CloseAdminPanelButton",""
"0x060060F8","client_portal.dat","Image","AC_UI_Icon_060060F8","0x21000058","classic_admin","RootAdmin_Field/CloseAdminPanelButton",""
"0x060060F9","client_portal.dat","Image","AC_UI_Icon_060060F9","0x21000058","classic_admin","RootAdmin_Field/TitleBar",""
"0x060060FA","client_portal.dat","Image","AC_UI_Icon_060060FA","0x21000058","classic_admin","RootAdmin_Field/LeftBorder",""
"0x060060FB","client_portal.dat","Image","AC_UI_Icon_060060FB","0x21000058","classic_admin","RootAdmin_Field/RightBorder",""
"0x060060FF","client_portal.dat","Image","AC_UI_Icon_060060FF","0x21000059","","AdminQualitiesListBoxPositionEntryTemplate/EntryName",""
"0x06006100","client_portal.dat","Image","AC_UI_Icon_06006100","0x21000059","","AdminQualitiesListBoxPositionEntryTemplate/EntryValue",""
"0x06006101","client_portal.dat","Image","AC_UI_Icon_06006101","0x21000059","","AdminQualitiesListBoxNewEntryTemplate/EntryName",""
"0x06006102","client_portal.dat","Image","AC_UI_Icon_06006102","0x21000059","","AdminQualitiesListBoxSkillEntryTemplate/EntryValue",""
"0x06006102","client_portal.dat","Image","AC_UI_Icon_06006102","0x21000059","","AdminQualitiesListBoxAttributeEntryTemplate/EntryValue",""
"0x0600610F","client_portal.dat","Image","AC_UI_Icon_0600610F","0x21000001","intro","IntroField/SplashScreenField",""
"0x06006114","client_portal.dat","Image","AC_UI_Icon_06006114","0x21000059","","AdminQualitiesListBoxBodyPartEntryTemplate/BodyPartEntryFrame",""
"0x06006116","client_portal.dat","Image","AC_UI_Icon_06006116","0x21000059","","AdminQualitiesListBoxMultilineEditEntryTemplate/EntryValue",""
"0x06006117","client_portal.dat","Image","AC_UI_Icon_06006117","0x21000059","","AdminQualitiesListBoxMultilineEditEntryTemplate/EntryName",""
"0x06006119","client_portal.dat","Cursor","AC_UI_Cursor_06006119","0x21000058","classic_admin","RootAdmin_Field/AdminPanelDragBar","hotspot=(16,16)"
"0x06006119","client_portal.dat","Cursor","AC_UI_Cursor_06006119","0x2100005B","","RootFloatyChat_Field/TitleDragArea","hotspot=(16,16)"
"0x06006119","client_portal.dat","Cursor","AC_UI_Cursor_06006119","0x2100006B","classic_floatyexamination","RootFloatyExamination_Field/ExaminationTopBorder","hotspot=(16,16)"
"0x06006119","client_portal.dat","Cursor","AC_UI_Cursor_06006119","0x2100006C","classic_floatyvitals","RootFloatyVitals_Field/VitalsTopBorder","hotspot=(16,16)"
"0x06006119","client_portal.dat","Cursor","AC_UI_Cursor_06006119","0x2100006C","classic_floatyvitals","RootFloatyVitals_Field/VitalsBottomBorder","hotspot=(16,16)"
"0x06006119","client_portal.dat","Cursor","AC_UI_Cursor_06006119","0x2100006D","classic_floatyenvpanel","RootFloatyEnvPanel_Field/EnvPanelTopBorder","hotspot=(16,16)"
"0x06006119","client_portal.dat","Cursor","AC_UI_Cursor_06006119","0x2100006D","classic_floatyenvpanel","RootFloatyEnvPanel_Field/EnvPanelBottomBorder","hotspot=(16,16)"
"0x06006119","client_portal.dat","Cursor","AC_UI_Cursor_06006119","0x2100006E","classic_floatypanel","RootFloatyPanel_Field/PanelTopBorder","hotspot=(16,16)"
"0x06006119","client_portal.dat","Cursor","AC_UI_Cursor_06006119","0x2100006E","classic_floatypanel","RootFloatyPanel_Field/PanelLeftBorder","hotspot=(16,16)"
"0x06006119","client_portal.dat","Cursor","AC_UI_Cursor_06006119","0x2100006E","classic_floatypanel","RootFloatyPanel_Field/PanelRightBorder","hotspot=(16,16)"
"0x06006119","client_portal.dat","Cursor","AC_UI_Cursor_06006119","0x2100006F","classic_floatymainchat","RootFloatyMainChat_Field/MainChatTopBorder","hotspot=(16,16)"
"0x06006119","client_portal.dat","Cursor","AC_UI_Cursor_06006119","0x21000070","classic_floatytoolbar","RootFloatyToolbar_Field/ToolbarTopLeftCorner","hotspot=(16,16)"
"0x06006119","client_portal.dat","Cursor","AC_UI_Cursor_06006119","0x21000070","classic_floatytoolbar","RootFloatyToolbar_Field/ToolbarTopBorder","hotspot=(16,16)"
"0x06006119","client_portal.dat","Cursor","AC_UI_Cursor_06006119","0x21000070","classic_floatytoolbar","RootFloatyToolbar_Field/ToolbarTopRightCorner","hotspot=(16,16)"
"0x06006119","client_portal.dat","Cursor","AC_UI_Cursor_06006119","0x21000070","classic_floatytoolbar","RootFloatyToolbar_Field/ToolbarLeftBorder","hotspot=(16,16)"
"0x06006119","client_portal.dat","Cursor","AC_UI_Cursor_06006119","0x21000070","classic_floatytoolbar","RootFloatyToolbar_Field/ToolbarRightBorder","hotspot=(16,16)"
"0x06006119","client_portal.dat","Cursor","AC_UI_Cursor_06006119","0x21000071","classic_floatyindicators","RootFloatyIndicators_Field/IndicatorsBottomLeftCorner","hotspot=(16,16)"
"0x06006119","client_portal.dat","Cursor","AC_UI_Cursor_06006119","0x21000071","classic_floatyindicators","RootFloatyIndicators_Field/IndicatorsBottomBorder","hotspot=(16,16)"
"0x06006119","client_portal.dat","Cursor","AC_UI_Cursor_06006119","0x21000071","classic_floatyindicators","RootFloatyIndicators_Field/IndicatorsBottomRightCorner","hotspot=(16,16)"
"0x06006119","client_portal.dat","Cursor","AC_UI_Cursor_06006119","0x21000071","classic_floatyindicators","RootFloatyIndicators_Field/IndicatorsRightBorder","hotspot=(16,16)"
"0x06006119","client_portal.dat","Cursor","AC_UI_Cursor_06006119","0x21000071","classic_floatyindicators","RootFloatyIndicators_Field/IndicatorsTopLeftCorner","hotspot=(16,16)"
"0x06006119","client_portal.dat","Cursor","AC_UI_Cursor_06006119","0x21000071","classic_floatyindicators","RootFloatyIndicators_Field/IndicatorsTopBorder","hotspot=(16,16)"
"0x06006119","client_portal.dat","Cursor","AC_UI_Cursor_06006119","0x21000071","classic_floatyindicators","RootFloatyIndicators_Field/IndicatorsTopRightCorner","hotspot=(16,16)"
"0x06006119","client_portal.dat","Cursor","AC_UI_Cursor_06006119","0x21000071","classic_floatyindicators","RootFloatyIndicators_Field/IndicatorsLeftBorder","hotspot=(16,16)"
"0x06006119","client_portal.dat","Cursor","AC_UI_Cursor_06006119","0x21000072","classic_floatypowerbar","RootFloatyPowerBar_Field/PowerbarTopBorder","hotspot=(16,16)"
"0x06006119","client_portal.dat","Cursor","AC_UI_Cursor_06006119","0x21000072","classic_floatypowerbar","RootFloatyPowerBar_Field/PowerbarBottomBorder","hotspot=(16,16)"
"0x06006119","client_portal.dat","Cursor","AC_UI_Cursor_06006119","0x21000073","classic_floatycombatpanel","RootFloatyCombatPanel_Field/CombatPanelTopBorder","hotspot=(16,16)"
"0x06006119","client_portal.dat","Cursor","AC_UI_Cursor_06006119","0x21000074","classic_floatyradar","RootFloatyRadar_Field/RadarDrag","hotspot=(16,16)"
"0x06006119","client_portal.dat","Cursor","AC_UI_Cursor_06006119","0x21000075","classic_floatysidevitals","RootFloatySideVitals_Field/SideVitalsTopBorder","hotspot=(16,16)"
"0x06006119","client_portal.dat","Cursor","AC_UI_Cursor_06006119","0x21000075","classic_floatysidevitals","RootFloatySideVitals_Field/SideVitalsBottomBorder","hotspot=(16,16)"
"0x06006126","client_portal.dat","Cursor","AC_UI_Cursor_06006126","0x2100000F","classic_smartbox","RootSmartBox_Field/SmartBoxTopLeftCorner","hotspot=(16,16)"
"0x06006126","client_portal.dat","Cursor","AC_UI_Cursor_06006126","0x2100000F","classic_smartbox","RootSmartBox_Field/SmartBoxBottomRightCorner","hotspot=(16,16)"
"0x06006126","client_portal.dat","Cursor","AC_UI_Cursor_06006126","0x2100005B","","RootFloatyChat_Field/TopLeftCorner","hotspot=(16,16)"
"0x06006126","client_portal.dat","Cursor","AC_UI_Cursor_06006126","0x2100005B","","RootFloatyChat_Field/BottomRightCorner","hotspot=(16,16)"
"0x06006126","client_portal.dat","Cursor","AC_UI_Cursor_06006126","0x2100006B","classic_floatyexamination","RootFloatyExamination_Field/ExaminationBottomRightCorner","hotspot=(16,16)"
"0x06006126","client_portal.dat","Cursor","AC_UI_Cursor_06006126","0x2100006B","classic_floatyexamination","RootFloatyExamination_Field/ExaminationTopLeftCorner","hotspot=(16,16)"
"0x06006126","client_portal.dat","Cursor","AC_UI_Cursor_06006126","0x2100006F","classic_floatymainchat","RootFloatyMainChat_Field/MainChatTopLeftCorner","hotspot=(16,16)"
"0x06006126","client_portal.dat","Cursor","AC_UI_Cursor_06006126","0x2100006F","classic_floatymainchat","RootFloatyMainChat_Field/MainChatBottomRightCorner","hotspot=(16,16)"
"0x06006126","client_portal.dat","Cursor","AC_UI_Cursor_06006126","0x21000073","classic_floatycombatpanel","RootFloatyCombatPanel_Field/CombatPanelTopLeftCorner","hotspot=(16,16)"
"0x06006126","client_portal.dat","Cursor","AC_UI_Cursor_06006126","0x21000073","classic_floatycombatpanel","RootFloatyCombatPanel_Field/CombatPanelBottomRightCorner","hotspot=(16,16)"
"0x06006127","client_portal.dat","Cursor","AC_UI_Cursor_06006127","0x2100000F","classic_smartbox","RootSmartBox_Field/SmartBoxTopRightCorner","hotspot=(16,16)"
"0x06006127","client_portal.dat","Cursor","AC_UI_Cursor_06006127","0x2100000F","classic_smartbox","RootSmartBox_Field/SmartBoxBottomLeftCorner","hotspot=(16,16)"
"0x06006127","client_portal.dat","Cursor","AC_UI_Cursor_06006127","0x2100005B","","RootFloatyChat_Field/TopRightCorner","hotspot=(16,16)"
"0x06006127","client_portal.dat","Cursor","AC_UI_Cursor_06006127","0x2100005B","","RootFloatyChat_Field/BottomLeftCorner","hotspot=(16,16)"
"0x06006127","client_portal.dat","Cursor","AC_UI_Cursor_06006127","0x2100006B","classic_floatyexamination","RootFloatyExamination_Field/ExaminationTopRightCorner","hotspot=(16,16)"
"0x06006127","client_portal.dat","Cursor","AC_UI_Cursor_06006127","0x2100006B","classic_floatyexamination","RootFloatyExamination_Field/ExaminationBottomLeftCorner","hotspot=(16,16)"
"0x06006127","client_portal.dat","Cursor","AC_UI_Cursor_06006127","0x2100006F","classic_floatymainchat","RootFloatyMainChat_Field/MainChatTopRightCorner","hotspot=(16,16)"
"0x06006127","client_portal.dat","Cursor","AC_UI_Cursor_06006127","0x2100006F","classic_floatymainchat","RootFloatyMainChat_Field/MainChatBottomLeftCorner","hotspot=(16,16)"
"0x06006127","client_portal.dat","Cursor","AC_UI_Cursor_06006127","0x21000073","classic_floatycombatpanel","RootFloatyCombatPanel_Field/CombatPanelBottomLeftCorner","hotspot=(16,16)"
"0x06006128","client_portal.dat","Cursor","AC_UI_Cursor_06006128","0x2100000F","classic_smartbox","RootSmartBox_Field/SmartBoxLeftBorder","hotspot=(16,16)"
"0x06006128","client_portal.dat","Cursor","AC_UI_Cursor_06006128","0x2100000F","classic_smartbox","RootSmartBox_Field/SmartBoxRightBorder","hotspot=(16,16)"
"0x06006128","client_portal.dat","Cursor","AC_UI_Cursor_06006128","0x2100005B","","RootFloatyChat_Field/LeftBorder","hotspot=(16,16)"
"0x06006128","client_portal.dat","Cursor","AC_UI_Cursor_06006128","0x2100005B","","RootFloatyChat_Field/RightBorder","hotspot=(16,16)"
"0x06006128","client_portal.dat","Cursor","AC_UI_Cursor_06006128","0x2100006B","classic_floatyexamination","RootFloatyExamination_Field/ExaminationLeftBorder","hotspot=(16,16)"
"0x06006128","client_portal.dat","Cursor","AC_UI_Cursor_06006128","0x2100006B","classic_floatyexamination","RootFloatyExamination_Field/ExaminationRightBorder","hotspot=(16,16)"
"0x06006128","client_portal.dat","Cursor","AC_UI_Cursor_06006128","0x2100006C","classic_floatyvitals","RootFloatyVitals_Field/VitalsTopLeftCorner","hotspot=(16,16)"
"0x06006128","client_portal.dat","Cursor","AC_UI_Cursor_06006128","0x2100006C","classic_floatyvitals","RootFloatyVitals_Field/VitalsTopRightCorner","hotspot=(16,16)"
"0x06006128","client_portal.dat","Cursor","AC_UI_Cursor_06006128","0x2100006C","classic_floatyvitals","RootFloatyVitals_Field/VitalsLeftBorder","hotspot=(16,16)"
"0x06006128","client_portal.dat","Cursor","AC_UI_Cursor_06006128","0x2100006C","classic_floatyvitals","RootFloatyVitals_Field/VitalsBottomLeftCorner","hotspot=(16,16)"
"0x06006128","client_portal.dat","Cursor","AC_UI_Cursor_06006128","0x2100006C","classic_floatyvitals","RootFloatyVitals_Field/VitalsBottomRightCorner","hotspot=(16,16)"
"0x06006128","client_portal.dat","Cursor","AC_UI_Cursor_06006128","0x2100006C","classic_floatyvitals","RootFloatyVitals_Field/VitalsRightBorder","hotspot=(16,16)"
"0x06006128","client_portal.dat","Cursor","AC_UI_Cursor_06006128","0x2100006D","classic_floatyenvpanel","RootFloatyEnvPanel_Field/EnvPanelTopLeftCorner","hotspot=(16,16)"
"0x06006128","client_portal.dat","Cursor","AC_UI_Cursor_06006128","0x2100006D","classic_floatyenvpanel","RootFloatyEnvPanel_Field/EnvPanelTopRightCorner","hotspot=(16,16)"
"0x06006128","client_portal.dat","Cursor","AC_UI_Cursor_06006128","0x2100006D","classic_floatyenvpanel","RootFloatyEnvPanel_Field/EnvPanelLeftBorder","hotspot=(16,16)"
"0x06006128","client_portal.dat","Cursor","AC_UI_Cursor_06006128","0x2100006D","classic_floatyenvpanel","RootFloatyEnvPanel_Field/EnvPanelBottomLeftCorner","hotspot=(16,16)"
"0x06006128","client_portal.dat","Cursor","AC_UI_Cursor_06006128","0x2100006D","classic_floatyenvpanel","RootFloatyEnvPanel_Field/EnvPanelBottomRightCorner","hotspot=(16,16)"
"0x06006128","client_portal.dat","Cursor","AC_UI_Cursor_06006128","0x2100006D","classic_floatyenvpanel","RootFloatyEnvPanel_Field/EnvPanelRightBorder","hotspot=(16,16)"
"0x06006128","client_portal.dat","Cursor","AC_UI_Cursor_06006128","0x2100006F","classic_floatymainchat","RootFloatyMainChat_Field/MainChatLeftBorder","hotspot=(16,16)"
"0x06006128","client_portal.dat","Cursor","AC_UI_Cursor_06006128","0x2100006F","classic_floatymainchat","RootFloatyMainChat_Field/MainChatRightBorder","hotspot=(16,16)"
"0x06006128","client_portal.dat","Cursor","AC_UI_Cursor_06006128","0x21000072","classic_floatypowerbar","RootFloatyPowerBar_Field/PowerbarTopLeftCorner","hotspot=(16,16)"
"0x06006128","client_portal.dat","Cursor","AC_UI_Cursor_06006128","0x21000072","classic_floatypowerbar","RootFloatyPowerBar_Field/PowerbarTopRightCorner","hotspot=(16,16)"
"0x06006128","client_portal.dat","Cursor","AC_UI_Cursor_06006128","0x21000072","classic_floatypowerbar","RootFloatyPowerBar_Field/PowerbarLeftBorder","hotspot=(16,16)"
"0x06006128","client_portal.dat","Cursor","AC_UI_Cursor_06006128","0x21000072","classic_floatypowerbar","RootFloatyPowerBar_Field/PowerbarBottomLeftCorner","hotspot=(16,16)"
"0x06006128","client_portal.dat","Cursor","AC_UI_Cursor_06006128","0x21000072","classic_floatypowerbar","RootFloatyPowerBar_Field/PowerbarBottomRightCorner","hotspot=(16,16)"
"0x06006128","client_portal.dat","Cursor","AC_UI_Cursor_06006128","0x21000072","classic_floatypowerbar","RootFloatyPowerBar_Field/PowerbarRightBorder","hotspot=(16,16)"
"0x06006128","client_portal.dat","Cursor","AC_UI_Cursor_06006128","0x21000073","classic_floatycombatpanel","RootFloatyCombatPanel_Field/CombatPanelTopRightCorner","hotspot=(16,16)"
"0x06006128","client_portal.dat","Cursor","AC_UI_Cursor_06006128","0x21000073","classic_floatycombatpanel","RootFloatyCombatPanel_Field/CombatPanelLeftBorder","hotspot=(16,16)"
"0x06006128","client_portal.dat","Cursor","AC_UI_Cursor_06006128","0x21000073","classic_floatycombatpanel","RootFloatyCombatPanel_Field/CombatPanelRightBorder","hotspot=(16,16)"
"0x06006128","client_portal.dat","Cursor","AC_UI_Cursor_06006128","0x21000075","classic_floatysidevitals","RootFloatySideVitals_Field/SideVitalsTopLeftCorner","hotspot=(16,16)"
"0x06006128","client_portal.dat","Cursor","AC_UI_Cursor_06006128","0x21000075","classic_floatysidevitals","RootFloatySideVitals_Field/SideVitalsTopRightCorner","hotspot=(16,16)"
"0x06006128","client_portal.dat","Cursor","AC_UI_Cursor_06006128","0x21000075","classic_floatysidevitals","RootFloatySideVitals_Field/SideVitalsLeftBorder","hotspot=(16,16)"
"0x06006128","client_portal.dat","Cursor","AC_UI_Cursor_06006128","0x21000075","classic_floatysidevitals","RootFloatySideVitals_Field/SideVitalsBottomLeftCorner","hotspot=(16,16)"
"0x06006128","client_portal.dat","Cursor","AC_UI_Cursor_06006128","0x21000075","classic_floatysidevitals","RootFloatySideVitals_Field/SideVitalsBottomRightCorner","hotspot=(16,16)"
"0x06006128","client_portal.dat","Cursor","AC_UI_Cursor_06006128","0x21000075","classic_floatysidevitals","RootFloatySideVitals_Field/SideVitalsRightBorder","hotspot=(16,16)"
"0x06006129","client_portal.dat","Image","AC_UI_Icon_06006129","0x2100000F","classic_smartbox","RootSmartBox_Field/SmartBoxTopLeftCorner",""
"0x06006129","client_portal.dat","Image","AC_UI_Icon_06006129","0x2100000F","classic_smartbox","RootSmartBox_Field/SmartBoxTopRightCorner",""
"0x06006129","client_portal.dat","Image","AC_UI_Icon_06006129","0x2100000F","classic_smartbox","RootSmartBox_Field/SmartBoxBottomLeftCorner",""
"0x06006129","client_portal.dat","Image","AC_UI_Icon_06006129","0x2100000F","classic_smartbox","RootSmartBox_Field/SmartBoxBottomRightCorner",""
"0x06006129","client_portal.dat","Image","AC_UI_Icon_06006129","0x2100005B","","RootFloatyChat_Field/TopLeftCorner",""
"0x06006129","client_portal.dat","Image","AC_UI_Icon_06006129","0x2100005B","","RootFloatyChat_Field/TopRightCorner",""
"0x06006129","client_portal.dat","Image","AC_UI_Icon_06006129","0x2100005B","","RootFloatyChat_Field/BottomLeftCorner",""
"0x06006129","client_portal.dat","Image","AC_UI_Icon_06006129","0x2100005B","","RootFloatyChat_Field/BottomRightCorner",""
"0x06006129","client_portal.dat","Image","AC_UI_Icon_06006129","0x2100006B","classic_floatyexamination","RootFloatyExamination_Field/ExaminationTopRightCorner",""
"0x06006129","client_portal.dat","Image","AC_UI_Icon_06006129","0x2100006B","classic_floatyexamination","RootFloatyExamination_Field/ExaminationBottomLeftCorner",""
"0x06006129","client_portal.dat","Image","AC_UI_Icon_06006129","0x2100006B","classic_floatyexamination","RootFloatyExamination_Field/ExaminationBottomRightCorner",""
"0x06006129","client_portal.dat","Image","AC_UI_Icon_06006129","0x2100006B","classic_floatyexamination","RootFloatyExamination_Field/ExaminationTopLeftCorner",""
"0x06006129","client_portal.dat","Image","AC_UI_Icon_06006129","0x2100006C","classic_floatyvitals","RootFloatyVitals_Field/VitalsTopLeftCorner",""
"0x06006129","client_portal.dat","Image","AC_UI_Icon_06006129","0x2100006C","classic_floatyvitals","RootFloatyVitals_Field/VitalsTopRightCorner",""
"0x06006129","client_portal.dat","Image","AC_UI_Icon_06006129","0x2100006C","classic_floatyvitals","RootFloatyVitals_Field/VitalsBottomLeftCorner",""
"0x06006129","client_portal.dat","Image","AC_UI_Icon_06006129","0x2100006C","classic_floatyvitals","RootFloatyVitals_Field/VitalsBottomRightCorner",""
"0x06006129","client_portal.dat","Image","AC_UI_Icon_06006129","0x2100006D","classic_floatyenvpanel","RootFloatyEnvPanel_Field/EnvPanelTopLeftCorner",""
"0x06006129","client_portal.dat","Image","AC_UI_Icon_06006129","0x2100006D","classic_floatyenvpanel","RootFloatyEnvPanel_Field/EnvPanelTopRightCorner",""
"0x06006129","client_portal.dat","Image","AC_UI_Icon_06006129","0x2100006D","classic_floatyenvpanel","RootFloatyEnvPanel_Field/EnvPanelBottomLeftCorner",""
"0x06006129","client_portal.dat","Image","AC_UI_Icon_06006129","0x2100006D","classic_floatyenvpanel","RootFloatyEnvPanel_Field/EnvPanelBottomRightCorner",""
"0x06006129","client_portal.dat","Image","AC_UI_Icon_06006129","0x2100006E","classic_floatypanel","RootFloatyPanel_Field/PanelTopLeftCorner",""
"0x06006129","client_portal.dat","Image","AC_UI_Icon_06006129","0x2100006E","classic_floatypanel","RootFloatyPanel_Field/PanelTopRightCorner",""
"0x06006129","client_portal.dat","Image","AC_UI_Icon_06006129","0x2100006E","classic_floatypanel","RootFloatyPanel_Field/PanelBottomLeftCorner",""
"0x06006129","client_portal.dat","Image","AC_UI_Icon_06006129","0x2100006E","classic_floatypanel","RootFloatyPanel_Field/PanelBottomRightCorner",""
"0x06006129","client_portal.dat","Image","AC_UI_Icon_06006129","0x2100006F","classic_floatymainchat","RootFloatyMainChat_Field/MainChatTopLeftCorner",""
"0x06006129","client_portal.dat","Image","AC_UI_Icon_06006129","0x2100006F","classic_floatymainchat","RootFloatyMainChat_Field/MainChatTopRightCorner",""
"0x06006129","client_portal.dat","Image","AC_UI_Icon_06006129","0x2100006F","classic_floatymainchat","RootFloatyMainChat_Field/MainChatBottomLeftCorner",""
"0x06006129","client_portal.dat","Image","AC_UI_Icon_06006129","0x2100006F","classic_floatymainchat","RootFloatyMainChat_Field/MainChatBottomRightCorner",""
"0x06006129","client_portal.dat","Image","AC_UI_Icon_06006129","0x21000070","classic_floatytoolbar","RootFloatyToolbar_Field/ToolbarTopLeftCorner",""
"0x06006129","client_portal.dat","Image","AC_UI_Icon_06006129","0x21000070","classic_floatytoolbar","RootFloatyToolbar_Field/ToolbarTopRightCorner",""
"0x06006129","client_portal.dat","Image","AC_UI_Icon_06006129","0x21000070","classic_floatytoolbar","RootFloatyToolbar_Field/ToolbarBottomLeftCorner",""
"0x06006129","client_portal.dat","Image","AC_UI_Icon_06006129","0x21000070","classic_floatytoolbar","RootFloatyToolbar_Field/ToolbarBottomRightCorner",""
"0x06006129","client_portal.dat","Image","AC_UI_Icon_06006129","0x21000071","classic_floatyindicators","RootFloatyIndicators_Field/IndicatorsBottomLeftCorner",""
"0x06006129","client_portal.dat","Image","AC_UI_Icon_06006129","0x21000071","classic_floatyindicators","RootFloatyIndicators_Field/IndicatorsBottomRightCorner",""
"0x06006129","client_portal.dat","Image","AC_UI_Icon_06006129","0x21000071","classic_floatyindicators","RootFloatyIndicators_Field/IndicatorsTopLeftCorner",""
"0x06006129","client_portal.dat","Image","AC_UI_Icon_06006129","0x21000071","classic_floatyindicators","RootFloatyIndicators_Field/IndicatorsTopRightCorner",""
"0x06006129","client_portal.dat","Image","AC_UI_Icon_06006129","0x21000072","classic_floatypowerbar","RootFloatyPowerBar_Field/PowerbarTopLeftCorner",""
"0x06006129","client_portal.dat","Image","AC_UI_Icon_06006129","0x21000072","classic_floatypowerbar","RootFloatyPowerBar_Field/PowerbarTopRightCorner",""
"0x06006129","client_portal.dat","Image","AC_UI_Icon_06006129","0x21000072","classic_floatypowerbar","RootFloatyPowerBar_Field/PowerbarBottomLeftCorner",""
"0x06006129","client_portal.dat","Image","AC_UI_Icon_06006129","0x21000072","classic_floatypowerbar","RootFloatyPowerBar_Field/PowerbarBottomRightCorner",""
"0x06006129","client_portal.dat","Image","AC_UI_Icon_06006129","0x21000073","classic_floatycombatpanel","RootFloatyCombatPanel_Field/CombatPanelTopLeftCorner",""
"0x06006129","client_portal.dat","Image","AC_UI_Icon_06006129","0x21000073","classic_floatycombatpanel","RootFloatyCombatPanel_Field/CombatPanelTopRightCorner",""
"0x06006129","client_portal.dat","Image","AC_UI_Icon_06006129","0x21000073","classic_floatycombatpanel","RootFloatyCombatPanel_Field/CombatPanelBottomLeftCorner",""
"0x06006129","client_portal.dat","Image","AC_UI_Icon_06006129","0x21000073","classic_floatycombatpanel","RootFloatyCombatPanel_Field/CombatPanelBottomRightCorner",""
"0x06006129","client_portal.dat","Image","AC_UI_Icon_06006129","0x21000075","classic_floatysidevitals","RootFloatySideVitals_Field/SideVitalsTopLeftCorner",""
"0x06006129","client_portal.dat","Image","AC_UI_Icon_06006129","0x21000075","classic_floatysidevitals","RootFloatySideVitals_Field/SideVitalsTopRightCorner",""
"0x06006129","client_portal.dat","Image","AC_UI_Icon_06006129","0x21000075","classic_floatysidevitals","RootFloatySideVitals_Field/SideVitalsBottomLeftCorner",""
"0x06006129","client_portal.dat","Image","AC_UI_Icon_06006129","0x21000075","classic_floatysidevitals","RootFloatySideVitals_Field/SideVitalsBottomRightCorner",""
"0x0600612A","client_portal.dat","Image","AC_UI_Icon_0600612A","0x2100000F","classic_smartbox","RootSmartBox_Field/SmartBoxTopBorder",""
"0x0600612A","client_portal.dat","Image","AC_UI_Icon_0600612A","0x2100005B","","RootFloatyChat_Field/TopSeperator",""
"0x0600612A","client_portal.dat","Image","AC_UI_Icon_0600612A","0x2100005B","","RootFloatyChat_Field/TopBorder",""
"0x0600612A","client_portal.dat","Image","AC_UI_Icon_0600612A","0x2100006B","classic_floatyexamination","RootFloatyExamination_Field/TopSeperator",""
"0x0600612A","client_portal.dat","Image","AC_UI_Icon_0600612A","0x2100006B","classic_floatyexamination","RootFloatyExamination_Field/ExaminationTopBorder",""
"0x0600612A","client_portal.dat","Image","AC_UI_Icon_0600612A","0x2100006C","classic_floatyvitals","RootFloatyVitals_Field/VitalsTopBorder",""
"0x0600612A","client_portal.dat","Image","AC_UI_Icon_0600612A","0x2100006D","classic_floatyenvpanel","RootFloatyEnvPanel_Field/EnvPanelTopBorder",""
"0x0600612A","client_portal.dat","Image","AC_UI_Icon_0600612A","0x2100006E","classic_floatypanel","RootFloatyPanel_Field/PanelTopBorder",""
"0x0600612A","client_portal.dat","Image","AC_UI_Icon_0600612A","0x2100006F","classic_floatymainchat","RootFloatyMainChat_Field/MainChatTopBorder",""
"0x0600612A","client_portal.dat","Image","AC_UI_Icon_0600612A","0x21000070","classic_floatytoolbar","RootFloatyToolbar_Field/ToolbarTopBorder",""
"0x0600612A","client_portal.dat","Image","AC_UI_Icon_0600612A","0x21000071","classic_floatyindicators","RootFloatyIndicators_Field/IndicatorsTopBorder",""
"0x0600612A","client_portal.dat","Image","AC_UI_Icon_0600612A","0x21000072","classic_floatypowerbar","RootFloatyPowerBar_Field/PowerbarTopBorder",""
"0x0600612A","client_portal.dat","Image","AC_UI_Icon_0600612A","0x21000073","classic_floatycombatpanel","RootFloatyCombatPanel_Field/CombatPanelTopBorder",""
"0x0600612A","client_portal.dat","Image","AC_UI_Icon_0600612A","0x21000075","classic_floatysidevitals","RootFloatySideVitals_Field/SideVitalsTopBorder",""
"0x0600612B","client_portal.dat","Image","AC_UI_Icon_0600612B","0x2100000F","classic_smartbox","RootSmartBox_Field/SmartBoxLeftBorder",""
"0x0600612B","client_portal.dat","Image","AC_UI_Icon_0600612B","0x2100005B","","RootFloatyChat_Field/LeftBorder",""
"0x0600612B","client_portal.dat","Image","AC_UI_Icon_0600612B","0x2100006B","classic_floatyexamination","RootFloatyExamination_Field/ExaminationLeftBorder",""
"0x0600612B","client_portal.dat","Image","AC_UI_Icon_0600612B","0x2100006C","classic_floatyvitals","RootFloatyVitals_Field/VitalsLeftBorder",""
"0x0600612B","client_portal.dat","Image","AC_UI_Icon_0600612B","0x2100006D","classic_floatyenvpanel","RootFloatyEnvPanel_Field/EnvPanelLeftBorder",""
"0x0600612B","client_portal.dat","Image","AC_UI_Icon_0600612B","0x2100006E","classic_floatypanel","RootFloatyPanel_Field/PanelLeftBorder",""
"0x0600612B","client_portal.dat","Image","AC_UI_Icon_0600612B","0x2100006F","classic_floatymainchat","RootFloatyMainChat_Field/MainChatLeftBorder",""
"0x0600612B","client_portal.dat","Image","AC_UI_Icon_0600612B","0x21000070","classic_floatytoolbar","RootFloatyToolbar_Field/ToolbarLeftBorder",""
"0x0600612B","client_portal.dat","Image","AC_UI_Icon_0600612B","0x21000071","classic_floatyindicators","RootFloatyIndicators_Field/IndicatorsLeftBorder",""
"0x0600612B","client_portal.dat","Image","AC_UI_Icon_0600612B","0x21000072","classic_floatypowerbar","RootFloatyPowerBar_Field/PowerbarLeftBorder",""
"0x0600612B","client_portal.dat","Image","AC_UI_Icon_0600612B","0x21000073","classic_floatycombatpanel","RootFloatyCombatPanel_Field/CombatPanelLeftBorder",""
"0x0600612B","client_portal.dat","Image","AC_UI_Icon_0600612B","0x21000075","classic_floatysidevitals","RootFloatySideVitals_Field/SideVitalsLeftBorder",""
"0x0600612C","client_portal.dat","Image","AC_UI_Icon_0600612C","0x2100000F","classic_smartbox","RootSmartBox_Field/SmartBoxBottomBorder",""
"0x0600612C","client_portal.dat","Image","AC_UI_Icon_0600612C","0x2100005B","","RootFloatyChat_Field/BottomBorder",""
"0x0600612C","client_portal.dat","Image","AC_UI_Icon_0600612C","0x2100006B","classic_floatyexamination","RootFloatyExamination_Field/ExaminationBottomBorder",""
"0x0600612C","client_portal.dat","Image","AC_UI_Icon_0600612C","0x2100006B","classic_floatyexamination","RootFloatyExamination_Field/SpellExamineUI/SpellExamBackground_Divider",""
"0x0600612C","client_portal.dat","Image","AC_UI_Icon_0600612C","0x2100006B","classic_floatyexamination","RootFloatyExamination_Field/SpellExamineUI/SpellExamBackground_Divider_Middle",""
"0x0600612C","client_portal.dat","Image","AC_UI_Icon_0600612C","0x2100006B","classic_floatyexamination","RootFloatyExamination_Field/SpellExamineUI/SpellExamBackground_Divider_Lower",""
"0x0600612C","client_portal.dat","Image","AC_UI_Icon_0600612C","0x2100006B","classic_floatyexamination","RootFloatyExamination_Field/BasicCreatureExamineUI/BasicCreatureExamBackground_LowerDivider",""
"0x0600612C","client_portal.dat","Image","AC_UI_Icon_0600612C","0x2100006B","classic_floatyexamination","RootFloatyExamination_Field/BasicCreatureExamineUI/BasicCreatureExamBackground_Divider",""
"0x0600612C","client_portal.dat","Image","AC_UI_Icon_0600612C","0x2100006B","classic_floatyexamination","RootFloatyExamination_Field/ItemExamineUI/ItemExamBackground_Divider_Lower",""
"0x0600612C","client_portal.dat","Image","AC_UI_Icon_0600612C","0x2100006C","classic_floatyvitals","RootFloatyVitals_Field/VitalsBottomBorder",""
"0x0600612C","client_portal.dat","Image","AC_UI_Icon_0600612C","0x2100006D","classic_floatyenvpanel","RootFloatyEnvPanel_Field/EnvPanelBottomBorder",""
"0x0600612C","client_portal.dat","Image","AC_UI_Icon_0600612C","0x2100006E","classic_floatypanel","RootFloatyPanel_Field/PanelBottomBorder",""
"0x0600612C","client_portal.dat","Image","AC_UI_Icon_0600612C","0x2100006F","classic_floatymainchat","RootFloatyMainChat_Field/MainChatBottomBorder",""
"0x0600612C","client_portal.dat","Image","AC_UI_Icon_0600612C","0x21000070","classic_floatytoolbar","RootFloatyToolbar_Field/ToolbarBottomBorder",""
"0x0600612C","client_portal.dat","Image","AC_UI_Icon_0600612C","0x21000071","classic_floatyindicators","RootFloatyIndicators_Field/IndicatorsBottomBorder",""
"0x0600612C","client_portal.dat","Image","AC_UI_Icon_0600612C","0x21000072","classic_floatypowerbar","RootFloatyPowerBar_Field/PowerbarBottomBorder",""
"0x0600612C","client_portal.dat","Image","AC_UI_Icon_0600612C","0x21000073","classic_floatycombatpanel","RootFloatyCombatPanel_Field/CombatPanelBottomBorder",""
"0x0600612C","client_portal.dat","Image","AC_UI_Icon_0600612C","0x21000075","classic_floatysidevitals","RootFloatySideVitals_Field/SideVitalsBottomBorder",""
"0x0600612D","client_portal.dat","Image","AC_UI_Icon_0600612D","0x2100000F","classic_smartbox","RootSmartBox_Field/SmartBoxRightBorder",""
"0x0600612D","client_portal.dat","Image","AC_UI_Icon_0600612D","0x2100005B","","RootFloatyChat_Field/RightBorder",""
"0x0600612D","client_portal.dat","Image","AC_UI_Icon_0600612D","0x2100006B","classic_floatyexamination","RootFloatyExamination_Field/ExaminationRightBorder",""
"0x0600612D","client_portal.dat","Image","AC_UI_Icon_0600612D","0x2100006C","classic_floatyvitals","RootFloatyVitals_Field/VitalsRightBorder",""
"0x0600612D","client_portal.dat","Image","AC_UI_Icon_0600612D","0x2100006D","classic_floatyenvpanel","RootFloatyEnvPanel_Field/EnvPanelRightBorder",""
"0x0600612D","client_portal.dat","Image","AC_UI_Icon_0600612D","0x2100006E","classic_floatypanel","RootFloatyPanel_Field/PanelRightBorder",""
"0x0600612D","client_portal.dat","Image","AC_UI_Icon_0600612D","0x2100006F","classic_floatymainchat","RootFloatyMainChat_Field/MainChatRightBorder",""
"0x0600612D","client_portal.dat","Image","AC_UI_Icon_0600612D","0x21000070","classic_floatytoolbar","RootFloatyToolbar_Field/ToolbarRightBorder",""
"0x0600612D","client_portal.dat","Image","AC_UI_Icon_0600612D","0x21000071","classic_floatyindicators","RootFloatyIndicators_Field/IndicatorsRightBorder",""
"0x0600612D","client_portal.dat","Image","AC_UI_Icon_0600612D","0x21000072","classic_floatypowerbar","RootFloatyPowerBar_Field/PowerbarRightBorder",""
"0x0600612D","client_portal.dat","Image","AC_UI_Icon_0600612D","0x21000073","classic_floatycombatpanel","RootFloatyCombatPanel_Field/CombatPanelRightBorder",""
"0x0600612D","client_portal.dat","Image","AC_UI_Icon_0600612D","0x21000075","classic_floatysidevitals","RootFloatySideVitals_Field/SideVitalsRightBorder",""
"0x06006215","client_portal.dat","Image","AC_UI_Icon_06006215","0x2100005B","","RootFloatyChat_Field/CloseChatWindowButton",""
"0x06006215","client_portal.dat","Image","AC_UI_Icon_06006215","0x2100006B","classic_floatyexamination","RootFloatyExamination_Field/CloseExaminationWindowButton",""
"0x06006216","client_portal.dat","Image","AC_UI_Icon_06006216","0x2100005B","","RootFloatyChat_Field/CloseChatWindowButton",""
"0x06006216","client_portal.dat","Image","AC_UI_Icon_06006216","0x2100006B","classic_floatyexamination","RootFloatyExamination_Field/CloseExaminationWindowButton",""
"0x06006218","client_portal.dat","Image","AC_UI_Icon_06006218","0x21000006","classic_chat","Button_FloatingChatTemplate",""
"0x06006219","client_portal.dat","Image","AC_UI_Icon_06006219","0x21000006","classic_chat","Button_FloatingChatTemplate",""
"0x060067CF","client_portal.dat","Image","AC_UI_Icon_060067CF","0x21000037","ItemSlot","ItemSlot_GenericOverlays/ItemSlot_Icon_Cooldown_10",""
"0x060067D0","client_portal.dat","Image","AC_UI_Icon_060067D0","0x21000037","ItemSlot","ItemSlot_GenericOverlays/ItemSlot_Icon_Cooldown_20",""
"0x060067D1","client_portal.dat","Image","AC_UI_Icon_060067D1","0x21000037","ItemSlot","ItemSlot_GenericOverlays/ItemSlot_Icon_Cooldown_30",""
"0x060067D2","client_portal.dat","Image","AC_UI_Icon_060067D2","0x21000037","ItemSlot","ItemSlot_GenericOverlays/ItemSlot_Icon_Cooldown_40",""
"0x060067D3","client_portal.dat","Image","AC_UI_Icon_060067D3","0x21000037","ItemSlot","ItemSlot_GenericOverlays/ItemSlot_Icon_Cooldown_50",""
"0x060067D4","client_portal.dat","Image","AC_UI_Icon_060067D4","0x21000037","ItemSlot","ItemSlot_GenericOverlays/ItemSlot_Icon_Cooldown_60",""
"0x060067D5","client_portal.dat","Image","AC_UI_Icon_060067D5","0x21000037","ItemSlot","ItemSlot_GenericOverlays/ItemSlot_Icon_Cooldown_70",""
"0x060067D6","client_portal.dat","Image","AC_UI_Icon_060067D6","0x21000037","ItemSlot","ItemSlot_GenericOverlays/ItemSlot_Icon_Cooldown_80",""
"0x060067D7","client_portal.dat","Image","AC_UI_Icon_060067D7","0x21000037","ItemSlot","ItemSlot_GenericOverlays/ItemSlot_Icon_Cooldown_90",""
"0x060067D8","client_portal.dat","Image","AC_UI_Icon_060067D8","0x21000037","ItemSlot","ItemSlot_GenericOverlays/ItemSlot_Icon_Cooldown_100",""
"0x060069AE","client_portal.dat","Image","AC_UI_Icon_060069AE","0x21000016","classic_toolbar","RootToolbar_Field/PanelButton_QuestManagementButton",""
"0x060069AF","client_portal.dat","Image","AC_UI_Icon_060069AF","0x21000016","classic_toolbar","RootToolbar_Field/PanelButton_QuestManagementButton",""
"0x06006A6C","client_portal.dat","Image","AC_UI_Icon_06006A6C","0x21000037","ItemSlot","ItemSlot_Equip_TrinketOne/ItemSlot_Icon",""
"0x06006BEF","client_portal.dat","Image","AC_UI_Icon_06006BEF","0x21000037","ItemSlot","ItemSlot_Equip_SigilOne/ItemSlot_Icon",""
"0x06006BF0","client_portal.dat","Image","AC_UI_Icon_06006BF0","0x21000037","ItemSlot","ItemSlot_Equip_SigilTwo/ItemSlot_Icon",""
"0x06006BF1","client_portal.dat","Image","AC_UI_Icon_06006BF1","0x21000037","ItemSlot","ItemSlot_Equip_SigilThree/ItemSlot_Icon",""
"0x06006C19","client_portal.dat","Image","AC_UI_Icon_06006C19","0x21000046","","HeritageField/HeritageBackImage",""
"0x06006D62","client_portal.dat","Image","AC_UI_Icon_06006D62","0x21000046","","HeritageField/HeritageBackImage",""
"0x06006D79","client_portal.dat","Image","AC_UI_Icon_06006D79","0x21000037","ItemSlot","ItemSlot_Equip_Abdomen/ItemSlot_Icon",""
"0x06006D7B","client_portal.dat","Image","AC_UI_Icon_06006D7B","0x21000037","ItemSlot","ItemSlot_Equip_Chest/ItemSlot_Icon",""
"0x06006D7D","client_portal.dat","Image","AC_UI_Icon_06006D7D","0x21000037","ItemSlot","ItemSlot_Equip_Hand/ItemSlot_Icon",""
"0x06006D7F","client_portal.dat","Image","AC_UI_Icon_06006D7F","0x21000037","ItemSlot","ItemSlot_Equip_Head/ItemSlot_Icon",""
"0x06006D81","client_portal.dat","Image","AC_UI_Icon_06006D81","0x21000037","ItemSlot","ItemSlot_Equip_LowerArm/ItemSlot_Icon",""
"0x06006D83","client_portal.dat","Image","AC_UI_Icon_06006D83","0x21000037","ItemSlot","ItemSlot_Equip_LowerLeg/ItemSlot_Icon",""
"0x06006D85","client_portal.dat","Image","AC_UI_Icon_06006D85","0x21000037","ItemSlot","ItemSlot_Equip_Foot/ItemSlot_Icon",""
"0x06006D87","client_portal.dat","Image","AC_UI_Icon_06006D87","0x21000037","ItemSlot","ItemSlot_Equip_UpperArm/ItemSlot_Icon",""
"0x06006D89","client_portal.dat","Image","AC_UI_Icon_06006D89","0x21000037","ItemSlot","ItemSlot_Equip_UpperLeg/ItemSlot_Icon",""
"0x06006E0C","client_portal.dat","Image","AC_UI_Icon_06006E0C","0x21000046","","HeritageField/HeritageBackImage",""
"0x06006E21","client_portal.dat","Image","AC_UI_Icon_06006E21","0x21000046","","HeritageField/RadioOlthoi/HeritageButtonImage",""
"0x06006E21","client_portal.dat","Image","AC_UI_Icon_06006E21","0x21000046","","HeritageField/RadioOlthoiAcid/HeritageButtonImage",""
"0x06006E21","client_portal.dat","Image","AC_UI_Icon_06006E21","0x21000046","","HeritageField/AluvianRadio/HeritageButtonImage",""
"0x06006E21","client_portal.dat","Image","AC_UI_Icon_06006E21","0x21000046","","HeritageField/RadioAunTumerok/HeritageButtonImage",""
"0x06006E21","client_portal.dat","Image","AC_UI_Icon_06006E21","0x21000046","","HeritageField/RadioGhu/HeritageButtonImage",""
"0x06006E21","client_portal.dat","Image","AC_UI_Icon_06006E21","0x21000046","","HeritageField/RadioSho/HeritageButtonImage",""
"0x06006E21","client_portal.dat","Image","AC_UI_Icon_06006E21","0x21000046","","HeritageField/RadioViamont/HeritageButtonImage",""
"0x06006E21","client_portal.dat","Image","AC_UI_Icon_06006E21","0x21000046","","HeritageField/RadioShadow/HeritageButtonImage",""
"0x06006E21","client_portal.dat","Image","AC_UI_Icon_06006E21","0x21000046","","HeritageField/RadioUndead/HeritageButtonImage",""
"0x06006E21","client_portal.dat","Image","AC_UI_Icon_06006E21","0x21000046","","HeritageField/RadioPenumbraen/HeritageButtonImage",""
"0x06006E21","client_portal.dat","Image","AC_UI_Icon_06006E21","0x21000046","","HeritageField/RadioGearKnight/HeritageButtonImage",""
"0x06006E21","client_portal.dat","Image","AC_UI_Icon_06006E21","0x21000046","","HeritageField/RadioLugian/HeritageButtonImage",""
"0x06006E21","client_portal.dat","Image","AC_UI_Icon_06006E21","0x21000046","","HeritageField/RadioEmpyrean/HeritageButtonImage",""
"0x06006E35","client_portal.dat","Image","AC_UI_Icon_06006E35","0x21000046","","HeritageField/RadioOlthoi/HeritageButtonImage",""
"0x06006E35","client_portal.dat","Image","AC_UI_Icon_06006E35","0x21000046","","HeritageField/RadioOlthoiAcid/HeritageButtonImage",""
"0x06006E35","client_portal.dat","Image","AC_UI_Icon_06006E35","0x21000046","","HeritageField/AluvianRadio/HeritageButtonImage",""
"0x06006E35","client_portal.dat","Image","AC_UI_Icon_06006E35","0x21000046","","HeritageField/RadioAunTumerok/HeritageButtonImage",""
"0x06006E35","client_portal.dat","Image","AC_UI_Icon_06006E35","0x21000046","","HeritageField/RadioGhu/HeritageButtonImage",""
"0x06006E35","client_portal.dat","Image","AC_UI_Icon_06006E35","0x21000046","","HeritageField/RadioSho/HeritageButtonImage",""
"0x06006E35","client_portal.dat","Image","AC_UI_Icon_06006E35","0x21000046","","HeritageField/RadioViamont/HeritageButtonImage",""
"0x06006E35","client_portal.dat","Image","AC_UI_Icon_06006E35","0x21000046","","HeritageField/RadioShadow/HeritageButtonImage",""
"0x06006E35","client_portal.dat","Image","AC_UI_Icon_06006E35","0x21000046","","HeritageField/RadioUndead/HeritageButtonImage",""
"0x06006E35","client_portal.dat","Image","AC_UI_Icon_06006E35","0x21000046","","HeritageField/RadioPenumbraen/HeritageButtonImage",""
"0x06006E35","client_portal.dat","Image","AC_UI_Icon_06006E35","0x21000046","","HeritageField/RadioGearKnight/HeritageButtonImage",""
"0x06006E35","client_portal.dat","Image","AC_UI_Icon_06006E35","0x21000046","","HeritageField/RadioLugian/HeritageButtonImage",""
"0x06006E35","client_portal.dat","Image","AC_UI_Icon_06006E35","0x21000046","","HeritageField/RadioEmpyrean/HeritageButtonImage",""
"0x06006E36","client_portal.dat","Image","AC_UI_Icon_06006E36","0x21000046","","HeritageField/HeritageBackImage",""
"0x06006E37","client_portal.dat","Image","AC_UI_Icon_06006E37","0x21000046","","HeritageField/HeritageBackImage",""
"0x06006E8A","client_portal.dat","Image","AC_UI_Icon_06006E8A","0x21000046","","HeritageField/HeritageBackImage",""
"0x06006E8B","client_portal.dat","Image","AC_UI_Icon_06006E8B","0x21000046","","HeritageField/HeritageBackImage",""
"0x06006EBC","client_portal.dat","Image","AC_UI_Icon_06006EBC","0x21000001","intro","IntroField/SplashScreenField",""
"0x0600708F","client_portal.dat","Image","AC_UI_Icon_0600708F","0x21000037","ItemSlot","ItemSlot_Equip_Cloak/ItemSlot_Icon",""
"0x060070C1","client_portal.dat","Image","AC_UI_Icon_060070C1","0x21000046","","HeritageField/HeritageBackImage",""
"0x0600712B","client_portal.dat","Image","AC_UI_Icon_0600712B","0x21000040","","Button_GreenTriangle_10",""
"0x0600712C","client_portal.dat","Image","AC_UI_Icon_0600712C","0x21000040","","Button_GreenTriangle_10",""
"0x0600715E","client_portal.dat","Image","AC_UI_Icon_0600715E","0x21000007","classic_combat","RootCombat_Field/PowerSlider/PowerMeter/basic_recklessness_fill",""
"0x0600715E","client_portal.dat","Image","AC_UI_Icon_0600715E","0x2100000A","classic_powerbar","RootPowerbar_Field/Powerbar/adv_recklessness_fill",""
"0x0600715E","client_portal.dat","Image","AC_UI_Icon_0600715E","0x21000072","classic_floatypowerbar","RootFloatyPowerBar_Field/Powerbar/adv_recklessness_fill",""
"0x06007275","client_portal.dat","Image","AC_UI_Icon_06007275","0x21000046","","HeritageField/HeritageBackImage",""
"0x0600747E","client_portal.dat","Image","AC_UI_Icon_0600747E","0x2100006C","classic_floatyvitals","RootFloatyVitals_Field/HealthMeter/meter_background/left",""
"0x0600747E","client_portal.dat","Image","AC_UI_Icon_0600747E","0x21000075","classic_floatysidevitals","RootFloatySideVitals_Field/HealthMeter/meter_background/left",""
"0x0600747F","client_portal.dat","Image","AC_UI_Icon_0600747F","0x2100006C","classic_floatyvitals","RootFloatyVitals_Field/HealthMeter/meter_background/middle",""
"0x0600747F","client_portal.dat","Image","AC_UI_Icon_0600747F","0x21000075","classic_floatysidevitals","RootFloatySideVitals_Field/HealthMeter/meter_background/middle",""
"0x06007480","client_portal.dat","Image","AC_UI_Icon_06007480","0x2100006C","classic_floatyvitals","RootFloatyVitals_Field/HealthMeter/meter_background/right",""
"0x06007480","client_portal.dat","Image","AC_UI_Icon_06007480","0x21000075","classic_floatysidevitals","RootFloatySideVitals_Field/HealthMeter/meter_background/right",""
"0x06007481","client_portal.dat","Image","AC_UI_Icon_06007481","0x2100006C","classic_floatyvitals","RootFloatyVitals_Field/HealthMeter/2/left",""
"0x06007481","client_portal.dat","Image","AC_UI_Icon_06007481","0x21000075","classic_floatysidevitals","RootFloatySideVitals_Field/HealthMeter/2/left",""
"0x06007482","client_portal.dat","Image","AC_UI_Icon_06007482","0x2100006C","classic_floatyvitals","RootFloatyVitals_Field/HealthMeter/2/middle",""
"0x06007482","client_portal.dat","Image","AC_UI_Icon_06007482","0x21000075","classic_floatysidevitals","RootFloatySideVitals_Field/HealthMeter/2/middle",""
"0x06007483","client_portal.dat","Image","AC_UI_Icon_06007483","0x2100006C","classic_floatyvitals","RootFloatyVitals_Field/HealthMeter/2/right",""
"0x06007483","client_portal.dat","Image","AC_UI_Icon_06007483","0x21000075","classic_floatysidevitals","RootFloatySideVitals_Field/HealthMeter/2/right",""
"0x06007484","client_portal.dat","Image","AC_UI_Icon_06007484","0x2100006C","classic_floatyvitals","RootFloatyVitals_Field/StaminaMeter/meter_background/left",""
"0x06007484","client_portal.dat","Image","AC_UI_Icon_06007484","0x21000075","classic_floatysidevitals","RootFloatySideVitals_Field/StaminaMeter/meter_background/left",""
"0x06007485","client_portal.dat","Image","AC_UI_Icon_06007485","0x2100006C","classic_floatyvitals","RootFloatyVitals_Field/StaminaMeter/meter_background/middle",""
"0x06007485","client_portal.dat","Image","AC_UI_Icon_06007485","0x21000075","classic_floatysidevitals","RootFloatySideVitals_Field/StaminaMeter/meter_background/middle",""
"0x06007486","client_portal.dat","Image","AC_UI_Icon_06007486","0x2100006C","classic_floatyvitals","RootFloatyVitals_Field/StaminaMeter/meter_background/right",""
"0x06007486","client_portal.dat","Image","AC_UI_Icon_06007486","0x21000075","classic_floatysidevitals","RootFloatySideVitals_Field/StaminaMeter/meter_background/right",""
"0x06007487","client_portal.dat","Image","AC_UI_Icon_06007487","0x2100006C","classic_floatyvitals","RootFloatyVitals_Field/StaminaMeter/2/left",""
"0x06007487","client_portal.dat","Image","AC_UI_Icon_06007487","0x21000075","classic_floatysidevitals","RootFloatySideVitals_Field/StaminaMeter/2/left",""
"0x06007488","client_portal.dat","Image","AC_UI_Icon_06007488","0x2100006C","classic_floatyvitals","RootFloatyVitals_Field/StaminaMeter/2/middle",""
"0x06007488","client_portal.dat","Image","AC_UI_Icon_06007488","0x21000075","classic_floatysidevitals","RootFloatySideVitals_Field/StaminaMeter/2/middle",""
"0x06007489","client_portal.dat","Image","AC_UI_Icon_06007489","0x2100006C","classic_floatyvitals","RootFloatyVitals_Field/StaminaMeter/2/right",""
"0x06007489","client_portal.dat","Image","AC_UI_Icon_06007489","0x21000075","classic_floatysidevitals","RootFloatySideVitals_Field/StaminaMeter/2/right",""
"0x0600748A","client_portal.dat","Image","AC_UI_Icon_0600748A","0x2100006C","classic_floatyvitals","RootFloatyVitals_Field/ManaMeter/meter_background/left",""
"0x0600748A","client_portal.dat","Image","AC_UI_Icon_0600748A","0x21000075","classic_floatysidevitals","RootFloatySideVitals_Field/ManaMeter/meter_background/left",""
"0x0600748B","client_portal.dat","Image","AC_UI_Icon_0600748B","0x2100006C","classic_floatyvitals","RootFloatyVitals_Field/ManaMeter/meter_background/middle",""
"0x0600748B","client_portal.dat","Image","AC_UI_Icon_0600748B","0x21000075","classic_floatysidevitals","RootFloatySideVitals_Field/ManaMeter/meter_background/middle",""
"0x0600748C","client_portal.dat","Image","AC_UI_Icon_0600748C","0x2100006C","classic_floatyvitals","RootFloatyVitals_Field/ManaMeter/meter_background/right",""
"0x0600748C","client_portal.dat","Image","AC_UI_Icon_0600748C","0x21000075","classic_floatysidevitals","RootFloatySideVitals_Field/ManaMeter/meter_background/right",""
"0x0600748D","client_portal.dat","Image","AC_UI_Icon_0600748D","0x2100006C","classic_floatyvitals","RootFloatyVitals_Field/ManaMeter/2/left",""
"0x0600748D","client_portal.dat","Image","AC_UI_Icon_0600748D","0x21000075","classic_floatysidevitals","RootFloatySideVitals_Field/ManaMeter/2/left",""
"0x0600748E","client_portal.dat","Image","AC_UI_Icon_0600748E","0x2100006C","classic_floatyvitals","RootFloatyVitals_Field/ManaMeter/2/middle",""
"0x0600748E","client_portal.dat","Image","AC_UI_Icon_0600748E","0x21000075","classic_floatysidevitals","RootFloatySideVitals_Field/ManaMeter/2/middle",""
"0x0600748F","client_portal.dat","Image","AC_UI_Icon_0600748F","0x2100006C","classic_floatyvitals","RootFloatyVitals_Field/ManaMeter/2/right",""
"0x0600748F","client_portal.dat","Image","AC_UI_Icon_0600748F","0x21000075","classic_floatysidevitals","RootFloatySideVitals_Field/ManaMeter/2/right",""
"0x06007490","client_portal.dat","Image","AC_UI_Icon_06007490","0x2100006C","classic_floatyvitals","RootFloatyVitals_Field/HealthMeter/meter_background/detail",""
"0x06007490","client_portal.dat","Image","AC_UI_Icon_06007490","0x21000075","classic_floatysidevitals","RootFloatySideVitals_Field/HealthMeter/meter_background/detail",""
"0x06007491","client_portal.dat","Image","AC_UI_Icon_06007491","0x2100006C","classic_floatyvitals","RootFloatyVitals_Field/HealthMeter/2/detail",""
"0x06007491","client_portal.dat","Image","AC_UI_Icon_06007491","0x21000075","classic_floatysidevitals","RootFloatySideVitals_Field/HealthMeter/2/detail",""
"0x06007492","client_portal.dat","Image","AC_UI_Icon_06007492","0x2100006C","classic_floatyvitals","RootFloatyVitals_Field/StaminaMeter/meter_background/detail",""
"0x06007492","client_portal.dat","Image","AC_UI_Icon_06007492","0x21000075","classic_floatysidevitals","RootFloatySideVitals_Field/StaminaMeter/meter_background/detail",""
"0x06007493","client_portal.dat","Image","AC_UI_Icon_06007493","0x2100006C","classic_floatyvitals","RootFloatyVitals_Field/StaminaMeter/2/detail",""
"0x06007493","client_portal.dat","Image","AC_UI_Icon_06007493","0x21000075","classic_floatysidevitals","RootFloatySideVitals_Field/StaminaMeter/2/detail",""
"0x06007494","client_portal.dat","Image","AC_UI_Icon_06007494","0x2100006C","classic_floatyvitals","RootFloatyVitals_Field/ManaMeter/meter_background/detail",""
"0x06007494","client_portal.dat","Image","AC_UI_Icon_06007494","0x21000075","classic_floatysidevitals","RootFloatySideVitals_Field/ManaMeter/meter_background/detail",""
"0x06007495","client_portal.dat","Image","AC_UI_Icon_06007495","0x2100006C","classic_floatyvitals","RootFloatyVitals_Field/ManaMeter/2/detail",""
"0x06007495","client_portal.dat","Image","AC_UI_Icon_06007495","0x21000075","classic_floatysidevitals","RootFloatySideVitals_Field/ManaMeter/2/detail",""
"0x06007498","client_portal.dat","Image","AC_UI_Icon_06007498","0x21000071","classic_floatyindicators","RootFloatyIndicators_Field/LinkStatusIndicator",""
"0x06007499","client_portal.dat","Image","AC_UI_Icon_06007499","0x21000071","classic_floatyindicators","RootFloatyIndicators_Field/LinkStatusIndicator",""
"0x0600749A","client_portal.dat","Image","AC_UI_Icon_0600749A","0x21000071","classic_floatyindicators","RootFloatyIndicators_Field/LinkStatusIndicator",""
"0x0600749A","client_portal.dat","Image","AC_UI_Icon_0600749A","0x21000071","classic_floatyindicators","RootFloatyIndicators_Field/LinkStatusIndicator",""
"0x0600749B","client_portal.dat","Image","AC_UI_Icon_0600749B","0x21000071","classic_floatyindicators","RootFloatyIndicators_Field/VitaeIndicator/PressedOverlay",""
"0x0600749B","client_portal.dat","Image","AC_UI_Icon_0600749B","0x21000071","classic_floatyindicators","RootFloatyIndicators_Field/PositiveEffectsIndicator/PressedOverlay",""
"0x0600749B","client_portal.dat","Image","AC_UI_Icon_0600749B","0x21000071","classic_floatyindicators","RootFloatyIndicators_Field/NegativeEffectsIndicator/PressedOverlay",""
"0x0600749B","client_portal.dat","Image","AC_UI_Icon_0600749B","0x21000071","classic_floatyindicators","RootFloatyIndicators_Field/BurdenIndicator/PressedOverlay",""
"0x0600749B","client_portal.dat","Image","AC_UI_Icon_0600749B","0x21000071","classic_floatyindicators","RootFloatyIndicators_Field/LinkStatusIndicator/PressedOverlay",""
"0x0600749C","client_portal.dat","Image","AC_UI_Icon_0600749C","0x21000071","classic_floatyindicators","RootFloatyIndicators_Field/PositiveEffectsIndicator",""
"0x0600749C","client_portal.dat","Image","AC_UI_Icon_0600749C","0x21000071","classic_floatyindicators","RootFloatyIndicators_Field/PositiveEffectsIndicator",""
"0x0600749D","client_portal.dat","Image","AC_UI_Icon_0600749D","0x21000071","classic_floatyindicators","RootFloatyIndicators_Field/PositiveEffectsIndicator",""
"0x0600749E","client_portal.dat","Image","AC_UI_Icon_0600749E","0x21000071","classic_floatyindicators","RootFloatyIndicators_Field/NegativeEffectsIndicator",""
"0x0600749E","client_portal.dat","Image","AC_UI_Icon_0600749E","0x21000071","classic_floatyindicators","RootFloatyIndicators_Field/NegativeEffectsIndicator",""
"0x0600749F","client_portal.dat","Image","AC_UI_Icon_0600749F","0x21000071","classic_floatyindicators","RootFloatyIndicators_Field/NegativeEffectsIndicator",""
"0x060074A0","client_portal.dat","Image","AC_UI_Icon_060074A0","0x21000071","classic_floatyindicators","RootFloatyIndicators_Field/VitaeIndicator",""
"0x060074A0","client_portal.dat","Image","AC_UI_Icon_060074A0","0x21000071","classic_floatyindicators","RootFloatyIndicators_Field/VitaeIndicator",""
"0x060074A1","client_portal.dat","Image","AC_UI_Icon_060074A1","0x21000071","classic_floatyindicators","RootFloatyIndicators_Field/VitaeIndicator",""
"0x060074A2","client_portal.dat","Image","AC_UI_Icon_060074A2","0x21000071","classic_floatyindicators","RootFloatyIndicators_Field/BurdenIndicator",""
"0x060074A3","client_portal.dat","Image","AC_UI_Icon_060074A3","0x21000071","classic_floatyindicators","RootFloatyIndicators_Field/BurdenIndicator",""
"0x060074A4","client_portal.dat","Image","AC_UI_Icon_060074A4","0x21000071","classic_floatyindicators","RootFloatyIndicators_Field/BurdenIndicator",""
"0x060074A5","client_portal.dat","Image","AC_UI_Icon_060074A5","0x21000071","classic_floatyindicators","RootFloatyIndicators_Field/MiniGameIndicator",""
"0x060074A5","client_portal.dat","Image","AC_UI_Icon_060074A5","0x21000071","classic_floatyindicators","RootFloatyIndicators_Field/MiniGameIndicator",""
"0x060074A6","client_portal.dat","Image","AC_UI_Icon_060074A6","0x21000071","classic_floatyindicators","RootFloatyIndicators_Field/MiniGameIndicator",""
"0x060074A7","client_portal.dat","Image","AC_UI_Icon_060074A7","0x21000040","","Button_BlueBar/StripButtonLeft",""
"0x060074A8","client_portal.dat","Image","AC_UI_Icon_060074A8","0x21000040","","Button_BlueBar/StripButtonLeft",""
"0x060074A9","client_portal.dat","Image","AC_UI_Icon_060074A9","0x21000040","","Button_BlueBar/StripButtonLeft",""
"0x060074A9","client_portal.dat","Image","AC_UI_Icon_060074A9","0x21000040","","Button_BlueBar/StripButtonLeft",""
"0x060074AA","client_portal.dat","Image","AC_UI_Icon_060074AA","0x21000040","","Button_BlueBar/StripButtonMiddle",""
"0x060074AB","client_portal.dat","Image","AC_UI_Icon_060074AB","0x21000040","","Button_BlueBar/StripButtonMiddle",""
"0x060074AC","client_portal.dat","Image","AC_UI_Icon_060074AC","0x21000040","","Button_BlueBar/StripButtonMiddle",""
"0x060074AC","client_portal.dat","Image","AC_UI_Icon_060074AC","0x21000040","","Button_BlueBar/StripButtonMiddle",""
"0x060074AD","client_portal.dat","Image","AC_UI_Icon_060074AD","0x21000040","","Button_BlueBar/StripButtonRight",""
"0x060074AE","client_portal.dat","Image","AC_UI_Icon_060074AE","0x21000040","","Button_BlueBar/StripButtonRight",""
"0x060074AF","client_portal.dat","Image","AC_UI_Icon_060074AF","0x21000040","","Button_BlueBar/StripButtonRight",""
"0x060074AF","client_portal.dat","Image","AC_UI_Icon_060074AF","0x21000040","","Button_BlueBar/StripButtonRight",""
"0x060074B1","client_portal.dat","Image","AC_UI_Icon_060074B1","0x21000071","classic_floatyindicators","RootFloatyIndicators_Field/LogoffButton",""
"0x060074B2","client_portal.dat","Image","AC_UI_Icon_060074B2","0x21000071","classic_floatyindicators","RootFloatyIndicators_Field/LogoffButton",""
"0x060074B7","client_portal.dat","Image","AC_UI_Icon_060074B7","0x21000074","classic_floatyradar","RootFloatyRadar_Field/LockUI",""
"0x060074B8","client_portal.dat","Image","AC_UI_Icon_060074B8","0x21000074","classic_floatyradar","RootFloatyRadar_Field/LockUI",""
"0x060074BF","client_portal.dat","Image","AC_UI_Icon_060074BF","0x2100006B","classic_floatyexamination","RootFloatyExamination_Field/ExaminationTopBorder_Locked",""
"0x060074BF","client_portal.dat","Image","AC_UI_Icon_060074BF","0x2100006C","classic_floatyvitals","RootFloatyVitals_Field/VitalsTopBorder_Locked",""
"0x060074BF","client_portal.dat","Image","AC_UI_Icon_060074BF","0x2100006D","classic_floatyenvpanel","RootFloatyEnvPanel_Field/EnvPanelTopBorder_Locked",""
"0x060074BF","client_portal.dat","Image","AC_UI_Icon_060074BF","0x2100006E","classic_floatypanel","RootFloatyPanel_Field/PanelTopBorder_Locked",""
"0x060074BF","client_portal.dat","Image","AC_UI_Icon_060074BF","0x2100006F","classic_floatymainchat","RootFloatyMainChat_Field/MainChatTopBorder_Locked",""
"0x060074BF","client_portal.dat","Image","AC_UI_Icon_060074BF","0x21000070","classic_floatytoolbar","RootFloatyToolbar_Field/ToolbarTopBorder_Locked",""
"0x060074BF","client_portal.dat","Image","AC_UI_Icon_060074BF","0x21000071","classic_floatyindicators","RootFloatyIndicators_Field/IndicatorsTopBorder_Locked",""
"0x060074BF","client_portal.dat","Image","AC_UI_Icon_060074BF","0x21000072","classic_floatypowerbar","RootFloatyPowerBar_Field/PowerbarTopBorder_Locked",""
"0x060074BF","client_portal.dat","Image","AC_UI_Icon_060074BF","0x21000073","classic_floatycombatpanel","RootFloatyCombatPanel_Field/CombatPanelTopBorder_Locked",""
"0x060074BF","client_portal.dat","Image","AC_UI_Icon_060074BF","0x21000075","classic_floatysidevitals","RootFloatySideVitals_Field/SideVitalsTopBorder_Locked",""
"0x060074C0","client_portal.dat","Image","AC_UI_Icon_060074C0","0x2100006B","classic_floatyexamination","RootFloatyExamination_Field/ExaminationLeftBorder_Locked",""
"0x060074C0","client_portal.dat","Image","AC_UI_Icon_060074C0","0x2100006C","classic_floatyvitals","RootFloatyVitals_Field/VitalsLeftBorder_Locked",""
"0x060074C0","client_portal.dat","Image","AC_UI_Icon_060074C0","0x2100006D","classic_floatyenvpanel","RootFloatyEnvPanel_Field/EnvPanelLeftBorder_Locked",""
"0x060074C0","client_portal.dat","Image","AC_UI_Icon_060074C0","0x2100006E","classic_floatypanel","RootFloatyPanel_Field/PanelLeftBorder_Locked",""
"0x060074C0","client_portal.dat","Image","AC_UI_Icon_060074C0","0x2100006F","classic_floatymainchat","RootFloatyMainChat_Field/MainChatLeftBorder_Locked",""
"0x060074C0","client_portal.dat","Image","AC_UI_Icon_060074C0","0x21000070","classic_floatytoolbar","RootFloatyToolbar_Field/ToolbarLeftBorder_Locked",""
"0x060074C0","client_portal.dat","Image","AC_UI_Icon_060074C0","0x21000071","classic_floatyindicators","RootFloatyIndicators_Field/IndicatorsLeftBorder_Locked",""
"0x060074C0","client_portal.dat","Image","AC_UI_Icon_060074C0","0x21000072","classic_floatypowerbar","RootFloatyPowerBar_Field/PowerbarLeftBorder_Locked",""
"0x060074C0","client_portal.dat","Image","AC_UI_Icon_060074C0","0x21000073","classic_floatycombatpanel","RootFloatyCombatPanel_Field/CombatPanelLeftBorder_Locked",""
"0x060074C0","client_portal.dat","Image","AC_UI_Icon_060074C0","0x21000075","classic_floatysidevitals","RootFloatySideVitals_Field/SideVitalsLeftBorder_Locked",""
"0x060074C1","client_portal.dat","Image","AC_UI_Icon_060074C1","0x2100006B","classic_floatyexamination","RootFloatyExamination_Field/ExaminationBottomBorder_Locked",""
"0x060074C1","client_portal.dat","Image","AC_UI_Icon_060074C1","0x2100006C","classic_floatyvitals","RootFloatyVitals_Field/VitalsBottomBorder_Locked",""
"0x060074C1","client_portal.dat","Image","AC_UI_Icon_060074C1","0x2100006D","classic_floatyenvpanel","RootFloatyEnvPanel_Field/EnvPanelBottomBorder_Locked",""
"0x060074C1","client_portal.dat","Image","AC_UI_Icon_060074C1","0x2100006E","classic_floatypanel","RootFloatyPanel_Field/PanelBottomBorder_Locked",""
"0x060074C1","client_portal.dat","Image","AC_UI_Icon_060074C1","0x2100006F","classic_floatymainchat","RootFloatyMainChat_Field/MainChatBottomBorder_Locked",""
"0x060074C1","client_portal.dat","Image","AC_UI_Icon_060074C1","0x21000070","classic_floatytoolbar","RootFloatyToolbar_Field/ToolbarBottomBorder_Locked",""
"0x060074C1","client_portal.dat","Image","AC_UI_Icon_060074C1","0x21000071","classic_floatyindicators","RootFloatyIndicators_Field/IndicatorsBottomBorder_Locked",""
"0x060074C1","client_portal.dat","Image","AC_UI_Icon_060074C1","0x21000072","classic_floatypowerbar","RootFloatyPowerBar_Field/PowerbarBottomBorder_Locked",""
"0x060074C1","client_portal.dat","Image","AC_UI_Icon_060074C1","0x21000073","classic_floatycombatpanel","RootFloatyCombatPanel_Field/CombatPanelBottomBorder_Locked",""
"0x060074C1","client_portal.dat","Image","AC_UI_Icon_060074C1","0x21000075","classic_floatysidevitals","RootFloatySideVitals_Field/SideVitalsBottomBorder_Locked",""
"0x060074C2","client_portal.dat","Image","AC_UI_Icon_060074C2","0x2100006B","classic_floatyexamination","RootFloatyExamination_Field/ExaminationRightBorder_Locked",""
"0x060074C2","client_portal.dat","Image","AC_UI_Icon_060074C2","0x2100006C","classic_floatyvitals","RootFloatyVitals_Field/VitalsRightBorder_Locked",""
"0x060074C2","client_portal.dat","Image","AC_UI_Icon_060074C2","0x2100006D","classic_floatyenvpanel","RootFloatyEnvPanel_Field/EnvPanelRightBorder_Locked",""
"0x060074C2","client_portal.dat","Image","AC_UI_Icon_060074C2","0x2100006E","classic_floatypanel","RootFloatyPanel_Field/PanelRightBorder_Locked",""
"0x060074C2","client_portal.dat","Image","AC_UI_Icon_060074C2","0x2100006F","classic_floatymainchat","RootFloatyMainChat_Field/MainChatRightBorder_Locked",""
"0x060074C2","client_portal.dat","Image","AC_UI_Icon_060074C2","0x21000070","classic_floatytoolbar","RootFloatyToolbar_Field/ToolbarRightBorder_Locked",""
"0x060074C2","client_portal.dat","Image","AC_UI_Icon_060074C2","0x21000071","classic_floatyindicators","RootFloatyIndicators_Field/IndicatorsRightBorder_Locked",""
"0x060074C2","client_portal.dat","Image","AC_UI_Icon_060074C2","0x21000072","classic_floatypowerbar","RootFloatyPowerBar_Field/PowerbarRightBorder_Locked",""
"0x060074C2","client_portal.dat","Image","AC_UI_Icon_060074C2","0x21000073","classic_floatycombatpanel","RootFloatyCombatPanel_Field/CombatPanelRightBorder_Locked",""
"0x060074C2","client_portal.dat","Image","AC_UI_Icon_060074C2","0x21000075","classic_floatysidevitals","RootFloatySideVitals_Field/SideVitalsRightBorder_Locked",""
"0x060074C3","client_portal.dat","Image","AC_UI_Icon_060074C3","0x2100006B","classic_floatyexamination","RootFloatyExamination_Field/ExaminationTopLeftCorner_Locked",""
"0x060074C3","client_portal.dat","Image","AC_UI_Icon_060074C3","0x2100006C","classic_floatyvitals","RootFloatyVitals_Field/VitalsTopLeftCorner_Locked",""
"0x060074C3","client_portal.dat","Image","AC_UI_Icon_060074C3","0x2100006D","classic_floatyenvpanel","RootFloatyEnvPanel_Field/EnvPanelTopLeftCorner_Locked",""
"0x060074C3","client_portal.dat","Image","AC_UI_Icon_060074C3","0x2100006E","classic_floatypanel","RootFloatyPanel_Field/PanelTopLeftCorner_Locked",""
"0x060074C3","client_portal.dat","Image","AC_UI_Icon_060074C3","0x2100006F","classic_floatymainchat","RootFloatyMainChat_Field/MainChatTopLeftCorner_Locked",""
"0x060074C3","client_portal.dat","Image","AC_UI_Icon_060074C3","0x21000070","classic_floatytoolbar","RootFloatyToolbar_Field/ToolbarTopLeftCorner_Locked",""
"0x060074C3","client_portal.dat","Image","AC_UI_Icon_060074C3","0x21000071","classic_floatyindicators","RootFloatyIndicators_Field/IndicatorsTopLeftCorner_Locked",""
"0x060074C3","client_portal.dat","Image","AC_UI_Icon_060074C3","0x21000072","classic_floatypowerbar","RootFloatyPowerBar_Field/PowerbarTopLeftCorner_Locked",""
"0x060074C3","client_portal.dat","Image","AC_UI_Icon_060074C3","0x21000073","classic_floatycombatpanel","RootFloatyCombatPanel_Field/CombatPanelTopLeftCorner_Locked",""
"0x060074C3","client_portal.dat","Image","AC_UI_Icon_060074C3","0x21000075","classic_floatysidevitals","RootFloatySideVitals_Field/SideVitalsTopLeftCorner_Locked",""
"0x060074C4","client_portal.dat","Image","AC_UI_Icon_060074C4","0x2100006B","classic_floatyexamination","RootFloatyExamination_Field/ExaminationTopRightCorner_Locked",""
"0x060074C4","client_portal.dat","Image","AC_UI_Icon_060074C4","0x2100006C","classic_floatyvitals","RootFloatyVitals_Field/VitalsTopRightCorner_Locked",""
"0x060074C4","client_portal.dat","Image","AC_UI_Icon_060074C4","0x2100006D","classic_floatyenvpanel","RootFloatyEnvPanel_Field/EnvPanelTopRightCorner_Locked",""
"0x060074C4","client_portal.dat","Image","AC_UI_Icon_060074C4","0x2100006E","classic_floatypanel","RootFloatyPanel_Field/PanelTopRightCorner_Locked",""
"0x060074C4","client_portal.dat","Image","AC_UI_Icon_060074C4","0x2100006F","classic_floatymainchat","RootFloatyMainChat_Field/MainChatTopRightCorner_Locked",""
"0x060074C4","client_portal.dat","Image","AC_UI_Icon_060074C4","0x21000070","classic_floatytoolbar","RootFloatyToolbar_Field/ToolbarTopRightCorner_Locked",""
"0x060074C4","client_portal.dat","Image","AC_UI_Icon_060074C4","0x21000071","classic_floatyindicators","RootFloatyIndicators_Field/IndicatorsTopRightCorner_Locked",""
"0x060074C4","client_portal.dat","Image","AC_UI_Icon_060074C4","0x21000072","classic_floatypowerbar","RootFloatyPowerBar_Field/PowerbarTopRightCorner_Locked",""
"0x060074C4","client_portal.dat","Image","AC_UI_Icon_060074C4","0x21000073","classic_floatycombatpanel","RootFloatyCombatPanel_Field/CombatPanelTopRightCorner_Locked",""
"0x060074C4","client_portal.dat","Image","AC_UI_Icon_060074C4","0x21000075","classic_floatysidevitals","RootFloatySideVitals_Field/SideVitalsTopRightCorner_Locked",""
"0x060074C5","client_portal.dat","Image","AC_UI_Icon_060074C5","0x2100006B","classic_floatyexamination","RootFloatyExamination_Field/ExaminationBottomLeftCorner_Locked",""
"0x060074C5","client_portal.dat","Image","AC_UI_Icon_060074C5","0x2100006C","classic_floatyvitals","RootFloatyVitals_Field/VitalsBottomLeftCorner_Locked",""
"0x060074C5","client_portal.dat","Image","AC_UI_Icon_060074C5","0x2100006D","classic_floatyenvpanel","RootFloatyEnvPanel_Field/EnvPanelBottomLeftCorner_Locked",""
"0x060074C5","client_portal.dat","Image","AC_UI_Icon_060074C5","0x2100006E","classic_floatypanel","RootFloatyPanel_Field/PanelBottomLeftCorner_Locked",""
"0x060074C5","client_portal.dat","Image","AC_UI_Icon_060074C5","0x2100006F","classic_floatymainchat","RootFloatyMainChat_Field/MainChatBottomLeftCorner_Locked",""
"0x060074C5","client_portal.dat","Image","AC_UI_Icon_060074C5","0x21000070","classic_floatytoolbar","RootFloatyToolbar_Field/ToolbarBottomLeftCorner_Locked",""
"0x060074C5","client_portal.dat","Image","AC_UI_Icon_060074C5","0x21000071","classic_floatyindicators","RootFloatyIndicators_Field/IndicatorsBottomLeftCorner_Locked",""
"0x060074C5","client_portal.dat","Image","AC_UI_Icon_060074C5","0x21000072","classic_floatypowerbar","RootFloatyPowerBar_Field/PowerbarBottomLeftCorner_Locked",""
"0x060074C5","client_portal.dat","Image","AC_UI_Icon_060074C5","0x21000073","classic_floatycombatpanel","RootFloatyCombatPanel_Field/CombatPanelBottomLeftCorner_Locked",""
"0x060074C5","client_portal.dat","Image","AC_UI_Icon_060074C5","0x21000075","classic_floatysidevitals","RootFloatySideVitals_Field/SideVitalsBottomLeftCorner_Locked",""
"0x060074C6","client_portal.dat","Image","AC_UI_Icon_060074C6","0x2100006B","classic_floatyexamination","RootFloatyExamination_Field/ExaminationBottomRightCorner_Locked",""
"0x060074C6","client_portal.dat","Image","AC_UI_Icon_060074C6","0x2100006C","classic_floatyvitals","RootFloatyVitals_Field/VitalsBottomRightCorner_Locked",""
"0x060074C6","client_portal.dat","Image","AC_UI_Icon_060074C6","0x2100006D","classic_floatyenvpanel","RootFloatyEnvPanel_Field/EnvPanelBottomRightCorner_Locked",""
"0x060074C6","client_portal.dat","Image","AC_UI_Icon_060074C6","0x2100006E","classic_floatypanel","RootFloatyPanel_Field/PanelBottomRightCorner_Locked",""
"0x060074C6","client_portal.dat","Image","AC_UI_Icon_060074C6","0x2100006F","classic_floatymainchat","RootFloatyMainChat_Field/MainChatBottomRightCorner_Locked",""
"0x060074C6","client_portal.dat","Image","AC_UI_Icon_060074C6","0x21000070","classic_floatytoolbar","RootFloatyToolbar_Field/ToolbarBottomRightCorner_Locked",""
"0x060074C6","client_portal.dat","Image","AC_UI_Icon_060074C6","0x21000071","classic_floatyindicators","RootFloatyIndicators_Field/IndicatorsBottomRightCorner_Locked",""
"0x060074C6","client_portal.dat","Image","AC_UI_Icon_060074C6","0x21000072","classic_floatypowerbar","RootFloatyPowerBar_Field/PowerbarBottomRightCorner_Locked",""
"0x060074C6","client_portal.dat","Image","AC_UI_Icon_060074C6","0x21000073","classic_floatycombatpanel","RootFloatyCombatPanel_Field/CombatPanelBottomRightCorner_Locked",""
"0x060074C6","client_portal.dat","Image","AC_UI_Icon_060074C6","0x21000075","classic_floatysidevitals","RootFloatySideVitals_Field/SideVitalsBottomRightCorner_Locked",""
"0x060074C9","client_portal.dat","Image","AC_UI_Icon_060074C9","0x21000074","classic_floatyradar","RootFloatyRadar_Field/RadarDrag",""
"0x060074CA","client_portal.dat","Image","AC_UI_Icon_060074CA","0x21000007","classic_combat","RootCombat_Field/PowerSlider",""
"0x060074CF","client_portal.dat","Image","AC_UI_Icon_060074CF","0x21000037","ItemSlot","ItemSlot_Shortcut_11/ItemSlot_Icon",""
"0x060074CF","client_portal.dat","Image","AC_UI_Icon_060074CF","0x21000037","ItemSlot","ItemSlot_Shortcut_12/ItemSlot_Icon",""
"0x060074CF","client_portal.dat","Image","AC_UI_Icon_060074CF","0x21000037","ItemSlot","ItemSlot_Shortcut_13/ItemSlot_Icon",""
"0x060074CF","client_portal.dat","Image","AC_UI_Icon_060074CF","0x21000037","ItemSlot","ItemSlot_Shortcut_14/ItemSlot_Icon",""
"0x060074CF","client_portal.dat","Image","AC_UI_Icon_060074CF","0x21000037","ItemSlot","ItemSlot_Shortcut_15/ItemSlot_Icon",""
"0x060074CF","client_portal.dat","Image","AC_UI_Icon_060074CF","0x21000037","ItemSlot","ItemSlot_Shortcut_16/ItemSlot_Icon",""
"0x060074CF","client_portal.dat","Image","AC_UI_Icon_060074CF","0x21000037","ItemSlot","ItemSlot_Shortcut_17/ItemSlot_Icon",""
"0x060074CF","client_portal.dat","Image","AC_UI_Icon_060074CF","0x21000037","ItemSlot","ItemSlot_Shortcut_18/ItemSlot_Icon",""
"0x060074CF","client_portal.dat","Image","AC_UI_Icon_060074CF","0x21000037","ItemSlot","ItemSlot_Shortcut_10/ItemSlot_Icon",""
"0x06007576","client_portal.dat","Image","AC_UI_Icon_06007576","0x21000004","charactermanagement","CharacterManagementField",""
"0x2000004B","client_portal.dat","Sound","AC_UI_Sound_2000004B","0x21000006","classic_chat","RootChat_Field/ChatEntryField/ChatTarget",""
"0x2000004B","client_portal.dat","Sound","AC_UI_Sound_2000004B","0x21000040","","button_image",""
"0x2000004B","client_portal.dat","Sound","AC_UI_Sound_2000004B","0x2100006F","classic_floatymainchat","RootFloatyMainChat_Field/ChatEntryField/ChatTarget",""
"0x21000000","client_local_English.dat","LayoutDesc","AC_UI_Layout_21000000","0x21000000","patch","","800x600"
"0x21000001","client_local_English.dat","LayoutDesc","AC_UI_Layout_21000001","0x21000001","intro","","800x600"
"0x21000002","client_local_English.dat","LayoutDesc","AC_UI_Layout_21000002","0x21000002","disconnected","","800x600"
"0x21000003","client_local_English.dat","LayoutDesc","AC_UI_Layout_21000003","0x21000003","credits","","800x600"
"0x21000004","client_local_English.dat","LayoutDesc","AC_UI_Layout_21000004","0x21000004","charactermanagement","","800x600"
"0x21000005","client_local_English.dat","LayoutDesc","AC_UI_Layout_21000005","0x21000005","classic_gameplay","","800x600"
"0x21000006","client_local_English.dat","LayoutDesc","AC_UI_Layout_21000006","0x21000006","classic_chat","","800x600"
"0x21000007","client_local_English.dat","LayoutDesc","AC_UI_Layout_21000007","0x21000007","classic_combat","","800x600"
"0x21000008","client_local_English.dat","LayoutDesc","AC_UI_Layout_21000008","0x21000008","classic_externalcontainer","","800x600"
"0x21000009","client_local_English.dat","LayoutDesc","AC_UI_Layout_21000009","0x21000009","classic_keyboard","","800x600"
"0x2100000A","client_local_English.dat","LayoutDesc","AC_UI_Layout_2100000A","0x2100000A","classic_powerbar","","800x600"
"0x2100000B","client_local_English.dat","LayoutDesc","AC_UI_Layout_2100000B","0x2100000B","classic_radar","","800x600"
"0x2100000C","client_local_English.dat","LayoutDesc","AC_UI_Layout_2100000C","0x2100000C","classic_salvage","","800x600"
"0x2100000D","client_local_English.dat","LayoutDesc","AC_UI_Layout_2100000D","0x2100000D","classic_securetrade","","800x600"
"0x2100000E","client_local_English.dat","LayoutDesc","AC_UI_Layout_2100000E","0x2100000E","classic_slumlord","","800x600"
"0x2100000F","client_local_English.dat","LayoutDesc","AC_UI_Layout_2100000F","0x2100000F","classic_smartbox","","800x600"
"0x21000010","client_local_English.dat","LayoutDesc","AC_UI_Layout_21000010","0x21000010","classic_spellcasting","","800x600"
"0x21000011","client_local_English.dat","LayoutDesc","AC_UI_Layout_21000011","0x21000011","classic_spewbox","","800x600"
"0x21000012","client_local_English.dat","LayoutDesc","AC_UI_Layout_21000012","0x21000012","classic_vendor","","800x600"
"0x21000013","client_local_English.dat","LayoutDesc","AC_UI_Layout_21000013","0x21000013","classic_statusbar","","800x600"
"0x21000014","client_local_English.dat","LayoutDesc","AC_UI_Layout_21000014","0x21000014","classic_vitals","","800x600"
"0x21000015","client_local_English.dat","LayoutDesc","AC_UI_Layout_21000015","0x21000015","classic_indicators","","800x600"
"0x21000016","client_local_English.dat","LayoutDesc","AC_UI_Layout_21000016","0x21000016","classic_toolbar","","800x600"
"0x21000017","client_local_English.dat","LayoutDesc","AC_UI_Layout_21000017","0x21000017","classic_panel","","800x600"
"0x21000018","client_local_English.dat","LayoutDesc","AC_UI_Layout_21000018","0x21000018","classic_abuse","","800x600"
"0x21000019","client_local_English.dat","LayoutDesc","AC_UI_Layout_21000019","0x21000019","classic_book","","800x600"
"0x2100001A","client_local_English.dat","LayoutDesc","AC_UI_Layout_2100001A","0x2100001A","classic_characterinfo","","800x600"
"0x2100001B","client_local_English.dat","LayoutDesc","AC_UI_Layout_2100001B","0x2100001B","classic_effects","","800x600"
"0x2100001C","client_local_English.dat","LayoutDesc","AC_UI_Layout_2100001C","0x2100001C","classic_examination","","800x600"
"0x2100001D","client_local_English.dat","LayoutDesc","AC_UI_Layout_2100001D","0x2100001D","classic_linkstatus","","800x600"
"0x2100001E","client_local_English.dat","LayoutDesc","AC_UI_Layout_2100001E","0x2100001E","classic_minigame","","800x600"
"0x2100001F","client_local_English.dat","LayoutDesc","AC_UI_Layout_2100001F","0x2100001F","classic_urgentassistance","","800x600"
"0x21000020","client_local_English.dat","LayoutDesc","AC_UI_Layout_21000020","0x21000020","classic_vitae","","800x600"
"0x21000021","client_local_English.dat","LayoutDesc","AC_UI_Layout_21000021","0x21000021","classic_3ditems","","800x600"
"0x21000022","client_local_English.dat","LayoutDesc","AC_UI_Layout_21000022","0x21000022","classic_backpack","","800x600"
"0x21000023","client_local_English.dat","LayoutDesc","AC_UI_Layout_21000023","0x21000023","classic_inventory","","800x600"
"0x21000024","client_local_English.dat","LayoutDesc","AC_UI_Layout_21000024","0x21000024","classic_paperdoll","","800x600"
"0x21000025","client_local_English.dat","LayoutDesc","AC_UI_Layout_21000025","0x21000025","classic_house","","800x600"
"0x21000026","client_local_English.dat","LayoutDesc","AC_UI_Layout_21000026","0x21000026","classic_map","","800x600"
"0x21000027","client_local_English.dat","LayoutDesc","AC_UI_Layout_21000027","0x21000027","classic_world","","800x600"
"0x21000028","client_local_English.dat","LayoutDesc","AC_UI_Layout_21000028","0x21000028","classic_charactersettings","","800x600"
"0x21000029","client_local_English.dat","LayoutDesc","AC_UI_Layout_21000029","0x21000029","classic_config","","800x600"
"0x2100002A","client_local_English.dat","LayoutDesc","AC_UI_Layout_2100002A","0x2100002A","classic_gameplayoptions","","800x600"
"0x2100002B","client_local_English.dat","LayoutDesc","AC_UI_Layout_2100002B","0x2100002B","classic_options","","800x600"
"0x2100002C","client_local_English.dat","LayoutDesc","AC_UI_Layout_2100002C","0x2100002C","classic_attribute","","800x600"
"0x2100002D","client_local_English.dat","LayoutDesc","AC_UI_Layout_2100002D","0x2100002D","classic_skill","","800x600"
"0x2100002E","client_local_English.dat","LayoutDesc","AC_UI_Layout_2100002E","0x2100002E","classic_skillmanagement","","800x600"
"0x2100002F","client_local_English.dat","LayoutDesc","AC_UI_Layout_2100002F","0x2100002F","classic_allegiance","","800x600"
"0x21000030","client_local_English.dat","LayoutDesc","AC_UI_Layout_21000030","0x21000030","classic_fellowship","","800x600"
"0x21000031","client_local_English.dat","LayoutDesc","AC_UI_Layout_21000031","0x21000031","classic_social","","800x600"
"0x21000032","client_local_English.dat","LayoutDesc","AC_UI_Layout_21000032","0x21000032","classic_spellbook","","800x600"
"0x21000033","client_local_English.dat","LayoutDesc","AC_UI_Layout_21000033","0x21000033","classic_spellcomponent","","800x600"
"0x21000034","client_local_English.dat","LayoutDesc","AC_UI_Layout_21000034","0x21000034","classic_spellmanagement","","800x600"
"0x21000035","client_local_English.dat","LayoutDesc","AC_UI_Layout_21000035","0x21000035","classic_envpanel","","800x600"
"0x21000036","client_local_English.dat","LayoutDesc","AC_UI_Layout_21000036","0x21000036","epilogue","","800x600"
"0x21000037","client_local_English.dat","LayoutDesc","AC_UI_Layout_21000037","0x21000037","ItemSlot","","800x600"
"0x21000038","client_local_English.dat","LayoutDesc","AC_UI_Layout_21000038","0x21000038","chargen_master","","800x600"
"0x21000039","client_local_English.dat","LayoutDesc","AC_UI_Layout_21000039","0x21000039","chargen_progress","","800x600"
"0x2100003A","client_local_English.dat","LayoutDesc","AC_UI_Layout_2100003A","0x2100003A","chargen_mainmenu","","800x600"
"0x2100003B","client_local_English.dat","LayoutDesc","AC_UI_Layout_2100003B","0x2100003B","ContextMenu","","800x600"
"0x2100003C","client_local_English.dat","LayoutDesc","AC_UI_Layout_2100003C","0x2100003C","Dialog","","800x600"
"0x2100003D","client_local_English.dat","LayoutDesc","AC_UI_Layout_2100003D","0x2100003D","","","800x600"
"0x2100003E","client_local_English.dat","LayoutDesc","AC_UI_Layout_2100003E","0x2100003E","","","800x600"
"0x2100003F","client_local_English.dat","LayoutDesc","AC_UI_Layout_2100003F","0x2100003F","","","800x600"
"0x21000040","client_local_English.dat","LayoutDesc","AC_UI_Layout_21000040","0x21000040","","","800x600"
"0x21000041","client_local_English.dat","LayoutDesc","AC_UI_Layout_21000041","0x21000041","","","800x600"
"0x21000042","client_local_English.dat","LayoutDesc","AC_UI_Layout_21000042","0x21000042","","","800x600"
"0x21000043","client_local_English.dat","LayoutDesc","AC_UI_Layout_21000043","0x21000043","","","800x600"
"0x21000044","client_local_English.dat","LayoutDesc","AC_UI_Layout_21000044","0x21000044","","","800x600"
"0x21000045","client_local_English.dat","LayoutDesc","AC_UI_Layout_21000045","0x21000045","","","800x600"
"0x21000046","client_local_English.dat","LayoutDesc","AC_UI_Layout_21000046","0x21000046","","","800x600"
"0x21000047","client_local_English.dat","LayoutDesc","AC_UI_Layout_21000047","0x21000047","","","800x600"
"0x21000048","client_local_English.dat","LayoutDesc","AC_UI_Layout_21000048","0x21000048","","","800x600"
"0x21000049","client_local_English.dat","LayoutDesc","AC_UI_Layout_21000049","0x21000049","","","800x600"
"0x2100004A","client_local_English.dat","LayoutDesc","AC_UI_Layout_2100004A","0x2100004A","","","800x600"
"0x2100004B","client_local_English.dat","LayoutDesc","AC_UI_Layout_2100004B","0x2100004B","","","800x600"
"0x2100004C","client_local_English.dat","LayoutDesc","AC_UI_Layout_2100004C","0x2100004C","","","800x600"
"0x2100004D","client_local_English.dat","LayoutDesc","AC_UI_Layout_2100004D","0x2100004D","","","800x600"
"0x21000058","client_local_English.dat","LayoutDesc","AC_UI_Layout_21000058","0x21000058","classic_admin","","800x600"
"0x21000059","client_local_English.dat","LayoutDesc","AC_UI_Layout_21000059","0x21000059","","","800x600"
"0x2100005B","client_local_English.dat","LayoutDesc","AC_UI_Layout_2100005B","0x2100005B","","","800x600"
"0x2100005C","client_local_English.dat","LayoutDesc","AC_UI_Layout_2100005C","0x2100005C","","","800x600"
"0x2100005D","client_local_English.dat","LayoutDesc","AC_UI_Layout_2100005D","0x2100005D","classic_friends","","800x600"
"0x2100005E","client_local_English.dat","LayoutDesc","AC_UI_Layout_2100005E","0x2100005E","classic_charactertitle","","800x600"
"0x21000060","client_local_English.dat","LayoutDesc","AC_UI_Layout_21000060","0x21000060","classic_squelch","","800x600"
"0x21000063","client_local_English.dat","LayoutDesc","AC_UI_Layout_21000063","0x21000063","classic_questmanagement","","800x600"
"0x21000066","client_local_English.dat","LayoutDesc","AC_UI_Layout_21000066","0x21000066","classic_journal","","800x500"
"0x21000067","client_local_English.dat","LayoutDesc","AC_UI_Layout_21000067","0x21000067","classic_pagelist","","800x500"
"0x21000068","client_local_English.dat","LayoutDesc","AC_UI_Layout_21000068","0x21000068","classic_barber","","800x600"
"0x21000069","client_local_English.dat","LayoutDesc","AC_UI_Layout_21000069","0x21000069","classic_contracts","","800x500"
"0x2100006B","client_local_English.dat","LayoutDesc","AC_UI_Layout_2100006B","0x2100006B","classic_floatyexamination","","800x600"
"0x2100006C","client_local_English.dat","LayoutDesc","AC_UI_Layout_2100006C","0x2100006C","classic_floatyvitals","","800x600"
"0x2100006D","client_local_English.dat","LayoutDesc","AC_UI_Layout_2100006D","0x2100006D","classic_floatyenvpanel","","800x600"
"0x2100006E","client_local_English.dat","LayoutDesc","AC_UI_Layout_2100006E","0x2100006E","classic_floatypanel","","800x600"
"0x2100006F","client_local_English.dat","LayoutDesc","AC_UI_Layout_2100006F","0x2100006F","classic_floatymainchat","","800x600"
"0x21000070","client_local_English.dat","LayoutDesc","AC_UI_Layout_21000070","0x21000070","classic_floatytoolbar","","800x600"
"0x21000071","client_local_English.dat","LayoutDesc","AC_UI_Layout_21000071","0x21000071","classic_floatyindicators","","800x600"
"0x21000072","client_local_English.dat","LayoutDesc","AC_UI_Layout_21000072","0x21000072","classic_floatypowerbar","","800x600"
"0x21000073","client_local_English.dat","LayoutDesc","AC_UI_Layout_21000073","0x21000073","classic_floatycombatpanel","","800x600"
"0x21000074","client_local_English.dat","LayoutDesc","AC_UI_Layout_21000074","0x21000074","classic_floatyradar","","800x600"
"0x21000075","client_local_English.dat","LayoutDesc","AC_UI_Layout_21000075","0x21000075","classic_floatysidevitals","","800x600"
"0x40000000","client_portal.dat","Font","AC_UI_Font_40000000","","","","portal font record"
"0x40000001","client_portal.dat","Font","AC_UI_Font_40000001","","","","portal font record"
"0x40000002","client_portal.dat","Font","AC_UI_Font_40000002","","","","portal font record"
"0x40000004","client_portal.dat","Font","AC_UI_Font_40000004","","","","portal font record"
"0x40000005","client_portal.dat","Font","AC_UI_Font_40000005","","","","portal font record"
"0x40000006","client_portal.dat","Font","AC_UI_Font_40000006","","","","portal font record"
"0x40000007","client_portal.dat","Font","AC_UI_Font_40000007","","","","portal font record"
"0x40000008","client_portal.dat","Font","AC_UI_Font_40000008","","","","portal font record"
"0x40000009","client_portal.dat","Font","AC_UI_Font_40000009","","","","portal font record"
"0x4000000A","client_portal.dat","Font","AC_UI_Font_4000000A","","","","portal font record"
"0x4000000B","client_portal.dat","Font","AC_UI_Font_4000000B","","","","portal font record"
"0x4000000C","client_portal.dat","Font","AC_UI_Font_4000000C","","","","portal font record"
"0x4000000D","client_portal.dat","Font","AC_UI_Font_4000000D","","","","portal font record"
"0x4000000E","client_portal.dat","Font","AC_UI_Font_4000000E","","","","portal font record"
"0x4000000F","client_portal.dat","Font","AC_UI_Font_4000000F","","","","portal font record"
"0x40000010","client_portal.dat","Font","AC_UI_Font_40000010","","","","portal font record"
"0x40000011","client_portal.dat","Font","AC_UI_Font_40000011","","","","portal font record"
"0x40000012","client_portal.dat","Font","AC_UI_Font_40000012","","","","portal font record"
"0x40000013","client_portal.dat","Font","AC_UI_Font_40000013","","","","portal font record"
"0x40000014","client_portal.dat","Font","AC_UI_Font_40000014","","","","portal font record"
"0x40000015","client_portal.dat","Font","AC_UI_Font_40000015","","","","portal font record"
"0x40000016","client_portal.dat","Font","AC_UI_Font_40000016","","","","portal font record"
"0x40000017","client_portal.dat","Font","AC_UI_Font_40000017","","","","portal font record"
"0x40000018","client_portal.dat","Font","AC_UI_Font_40000018","","","","portal font record"
"0x40000019","client_portal.dat","Font","AC_UI_Font_40000019","","","","portal font record"
"0x4000001A","client_portal.dat","Font","AC_UI_Font_4000001A","","","","portal font record"
"0x4000001B","client_portal.dat","Font","AC_UI_Font_4000001B","","","","portal font record"
"0x4000001C","client_portal.dat","Font","AC_UI_Font_4000001C","","","","portal font record"
"0x4000001D","client_portal.dat","Font","AC_UI_Font_4000001D","","","","portal font record"
"0x4000001E","client_portal.dat","Font","AC_UI_Font_4000001E","","","","portal font record"
"0x4000001F","client_portal.dat","Font","AC_UI_Font_4000001F","","","","portal font record"
"0x40000020","client_portal.dat","Font","AC_UI_Font_40000020","","","","portal font record"
"0x40000021","client_portal.dat","Font","AC_UI_Font_40000021","","","","portal font record"
"0x40000022","client_portal.dat","Font","AC_UI_Font_40000022","","","","portal font record"
"0x40000023","client_portal.dat","Font","AC_UI_Font_40000023","","","","portal font record"
"0x40000024","client_portal.dat","Font","AC_UI_Font_40000024","","","","portal font record"
"0x40000025","client_portal.dat","Font","AC_UI_Font_40000025","","","","portal font record"
"0x40000026","client_portal.dat","Font","AC_UI_Font_40000026","","","","portal font record"
"0x40000027","client_portal.dat","Font","AC_UI_Font_40000027","","","","portal font record"
"0x40000028","client_portal.dat","Font","AC_UI_Font_40000028","","","","portal font record"
"0x4000002A","client_portal.dat","Font","AC_UI_Font_4000002A","","","","portal font record"
"0x4000002B","client_portal.dat","Font","AC_UI_Font_4000002B","","","","portal font record"
"0x4000002C","client_portal.dat","Font","AC_UI_Font_4000002C","","","","portal font record"
"0x4000002D","client_portal.dat","Font","AC_UI_Font_4000002D","","","","portal font record"
"0x4000002E","client_portal.dat","Font","AC_UI_Font_4000002E","","","","portal font record"
"0x4000002F","client_portal.dat","Font","AC_UI_Font_4000002F","","","","portal font record"
"0x40000030","client_portal.dat","Font","AC_UI_Font_40000030","","","","portal font record"
"0x40000031","client_portal.dat","Font","AC_UI_Font_40000031","","","","portal font record"
"0x40000032","client_portal.dat","Font","AC_UI_Font_40000032","","","","portal font record"
